prefix,n_train,n_calib,n_test,n_test_active,n_calib_neg,auroc_test,auprc_test,conformal_ran,fdr02_n_selected,fdr02_true_fdr,fdr02_n_actives,ks_distances
CHEMBL1865_IC50_CHEMBL2427136,318,159,159,82,86,0.8787708600770219,0.8828865975440133,True,55,0.12727272727272726,48,"{'ks_neg': (0.11569031498380944, 0.11569031239598104), 'ks_nc': (0.14732107316296433, 0.02531645576540026)}"
CHEMBL1865_IC50_CHEMBL3860994,318,159,159,72,74,0.8654214559386973,0.7975562725119595,True,31,0.12903225806451613,27,"{'ks_neg': (0.18527961924188396, 0.1852788048286742), 'ks_nc': (0.11949685534591195, 0.028301887026941683)}"
CHEMBL1865_IC50_CHEMBL4331290,318,159,159,77,69,0.897687678175483,0.8842375415721843,True,49,0.12244897959183673,43,"{'ks_neg': (0.10746513535684996, 0.10746513245697034), 'ks_nc': (0.10353475041796079, 0.01886808583269256)}"
CHEMBL1865_IC50_CHEMBL4708169,318,159,159,79,78,0.8908027559685948,0.8924738734978893,True,62,0.12903225806451613,54,"{'ks_neg': (0.157903278156443, 0.15790201201066217), 'ks_nc': (0.07093384284690651, 0.025316456293222322)}"
CHEMBL1865_IC50_CHEMBL4812485,318,159,159,80,74,0.9037974683544304,0.9080666520118488,True,13,0.0,13,"{'ks_neg': (0.11796702362740069, 0.11796702019442168), 'ks_nc': (0.1006289308176101, 0.03144654088050436)}"
CHEMBL1865_IC50_CHEMBL4828678,318,159,159,81,74,0.9210193099081988,0.9187721661617336,True,54,0.07407407407407407,50,"{'ks_neg': (0.07708652048274567, 0.0770865203976927), 'ks_nc': (0.11046095056126148, 0.0634457193332465)}"
CHEMBL2039_IC50_CHEMBL3806786,265,132,133,24,101,0.8765290519877675,0.6443324557743418,True,0,,0,"{'ks_neg': (0.15648030968510374, 0.1112380932146092), 'ks_nc': (0.1380724538619299, 0.022556405138042232)}"
CHEMBL214_Ki_CHEMBL1034993,483,241,242,116,115,0.9231663929939792,0.91686333005979,True,105,0.09523809523809523,95,"{'ks_neg': (0.07786561264821967, 0.028925619853467976), 'ks_nc': (0.06515551592880953, 0.015780549228134322)}"
CHEMBL214_Ki_CHEMBL2162844,483,241,242,117,125,0.9248001102839812,0.9364565035147979,True,87,0.022988505747126436,85,"{'ks_neg': (0.10695435684647026, 0.02904566842560724), 'ks_nc': (0.0663900414937757, 0.019089701812158633)}"
CHEMBL214_Ki_CHEMBL3404596,483,241,242,105,129,0.9429266597149809,0.9330449558471561,True,44,0.0,44,"{'ks_neg': (0.08200397206739996, 0.02479338844751966), 'ks_nc': (0.06904770069613575, 0.014462809917379249)}"
CHEMBL214_Ki_CHEMBL3744655,483,241,242,108,112,0.9136730715678083,0.9016278376500392,True,34,0.058823529411764705,32,"{'ks_neg': (0.1125148192056909, 0.04135180590867943), 'ks_nc': (0.12033195020746845, 0.022821577118937397)}"
CHEMBL214_Ki_CHEMBL3762237,483,241,242,111,115,0.9303349150677395,0.9135723152330737,True,89,0.0898876404494382,81,"{'ks_neg': (0.07333812432626645, 0.03512396755610714), 'ks_nc': (0.08129007921538939, 0.016528925999550324)}"
CHEMBL214_Ki_CHEMBL3857972,483,241,242,105,113,0.8904761904761904,0.8854930657750436,True,57,0.08771929824561403,52,"{'ks_neg': (0.12352660375279823, 0.02282157677273964), 'ks_nc': (0.05809128630705376, 0.02282157677460896)}"
CHEMBL214_Ki_CHEMBL4629187,483,241,242,104,121,0.9185148792813027,0.9153709377646252,True,0,,0,"{'ks_neg': (0.11937176365693908, 0.0331950207468914), 'ks_nc': (0.11298409405255909, 0.016597510543168097)}"
CHEMBL214_Ki_CHEMBL4770540,483,241,242,100,114,0.9352112676056338,0.9234467674935714,True,54,0.018518518518518517,53,"{'ks_neg': (0.09170653907496013, 0.030991735537198195), 'ks_nc': (0.08804567744590425, 0.018595042938732265)}"
CHEMBL214_Ki_CHEMBL4772297,483,241,242,110,127,0.9065232477446219,0.9092264846966519,True,96,0.125,84,"{'ks_neg': (0.09269121442807138, 0.028880737000755552), 'ks_nc': (0.07781811894882396, 0.010373464475674554)}"
CHEMBL214_Ki_CHEMBL5121174,483,241,242,104,121,0.9187569676700111,0.9098008165356181,True,42,0.023809523809523808,41,"{'ks_neg': (0.09090909090909016, 0.02479338859924929), 'ks_nc': (0.07238292011019332, 0.02066115707117533)}"
CHEMBL217_Ki_CHEMBL1176478,619,309,310,120,163,0.8649074074074075,0.8367442113331627,True,69,0.13043478260869565,60,"{'ks_neg': (0.06650306748466184, 0.03565893114562424), 'ks_nc': (0.08213114754098355, 0.013333333460461838)}"
CHEMBL217_Ki_CHEMBL1225816,619,309,310,124,170,0.8838078933141106,0.8599801356581351,True,38,0.0,38,"{'ks_neg': (0.1096680256260899, 0.02145214522104888), 'ks_nc': (0.1402369745171207, 0.019801980230771954)}"
CHEMBL217_Ki_CHEMBL1694505,619,309,310,119,167,0.8591744390063718,0.7996120705771157,True,10,0.1,9,"{'ks_neg': (0.10344758987009345, 0.019933554828950095), 'ks_nc': (0.07216382549970035, 0.013466883728738277)}"
CHEMBL217_Ki_CHEMBL1777183,619,309,310,115,168,0.8862085086489013,0.8031051330551857,True,28,0.07142857142857142,26,"{'ks_neg': (0.13289036544850477, 0.029900332226048557), 'ks_nc': (0.0984109984262932, 0.041864062801175383)}"
CHEMBL217_Ki_CHEMBL2162846,619,309,310,130,167,0.8865497076023392,0.8360535702077614,True,60,0.08333333333333333,55,"{'ks_neg': (0.09692243420136457, 0.023921165213247997), 'ks_nc': (0.08713280293757639, 0.019080642965436434)}"
CHEMBL217_Ki_CHEMBL2344228,619,309,310,125,167,0.9091555555555556,0.8645054924496873,True,57,0.10526315789473684,51,"{'ks_neg': (0.05587513497595731, 0.031147541052463645), 'ks_nc': (0.057458204836881466, 0.024694524125975392)}"
CHEMBL217_Ki_CHEMBL2388819,619,309,310,126,174,0.8834920634920634,0.8466793521011816,True,48,0.08333333333333333,44,"{'ks_neg': (0.10930996295871975, 0.023255814127795538), 'ks_nc': (0.1020454693505275, 0.014556923363914565)}"
CHEMBL217_Ki_CHEMBL3117737,619,309,310,121,163,0.8763491848439687,0.8352826445866067,True,61,0.11475409836065574,54,"{'ks_neg': (0.06302470132386177, 0.018092105504890085), 'ks_nc': (0.049342105263158006, 0.01718714309234015)}"
CHEMBL217_Ki_CHEMBL3374187,619,309,310,118,167,0.9003426877836436,0.8564404701691997,True,49,0.061224489795918366,46,"{'ks_neg': (0.055702548391588794, 0.020017593810543466), 'ks_nc': (0.05315614617940234, 0.013289036614124505)}"
CHEMBL217_Ki_CHEMBL3379351,619,309,310,121,169,0.9028925619834711,0.8326424348980426,True,11,0.18181818181818182,9,"{'ks_neg': (0.05451257150720468, 0.03160164445802638), 'ks_nc': (0.06330993817517755, 0.013291714828335244)}"
CHEMBL217_Ki_CHEMBL3591124,619,309,310,125,160,0.9046436781609195,0.8770197014314268,True,0,,0,"{'ks_neg': (0.08612040133779386, 0.023411371237458196), 'ks_nc': (0.06312571056436739, 0.01712539173129224)}"
CHEMBL217_Ki_CHEMBL3599873,619,309,310,119,162,0.8856773478622219,0.8394021675568158,True,22,0.0,22,"{'ks_neg': (0.11371559821172256, 0.043189368770764125), 'ks_nc': (0.10963455149501733, 0.013289036558125633)}"
CHEMBL217_Ki_CHEMBL3762401,619,309,310,123,169,0.8934821551605346,0.8633727415311649,True,14,0.07142857142857142,13,"{'ks_neg': (0.08696252465483056, 0.02500000151718773), 'ks_nc': (0.07135313531352999, 0.013333333375754153)}"
CHEMBL217_Ki_CHEMBL3857974,619,309,310,115,170,0.8527816736792895,0.7796163927450389,True,30,0.06666666666666667,28,"{'ks_neg': (0.06341606410006217, 0.043189368770764125), 'ks_nc': (0.06312292358804028, 0.03322259136212625)}"
CHEMBL217_Ki_CHEMBL4011211,619,309,310,130,178,0.8967611336032388,0.852743525502422,True,28,0.03571428571428571,27,"{'ks_neg': (0.08025682182985505, 0.016611295681938865), 'ks_nc': (0.07057881867921068, 0.016611295799636036)}"
CHEMBL217_Ki_CHEMBL4350893,619,309,310,120,157,0.8898250460405157,0.8536280645309406,True,46,0.043478260869565216,44,"{'ks_neg': (0.08132128573544428, 0.029900332244352235), 'ks_nc': (0.07015247189280716, 0.016668559756963686)}"
CHEMBL217_Ki_CHEMBL4354013,619,309,310,120,167,0.87744014732965,0.8109446124964561,True,0,,0,"{'ks_neg': (0.05311635864483577, 0.019933554817385235), 'ks_nc': (0.052772386873240595, 0.009923624624286809)}"
CHEMBL217_Ki_CHEMBL4429153,619,309,310,114,170,0.8542077117928512,0.7607878427770861,True,27,0.1111111111111111,24,"{'ks_neg': (0.09437170216923585, 0.023255815519597378), 'ks_nc': (0.1177263905792576, 0.024338171392944252)}"
CHEMBL217_Ki_CHEMBL4629186,619,309,310,122,159,0.8751821493624772,0.7760888207834299,True,68,0.16176470588235295,57,"{'ks_neg': (0.05572910158690325, 0.02814569554535451), 'ks_nc': (0.06809864064133464, 0.014900662402847265)}"
CHEMBL217_Ki_CHEMBL4819277,619,309,310,130,179,0.9001809954751131,0.8889708087744559,True,0,,0,"{'ks_neg': (0.053072625698325604, 0.021666666666924184), 'ks_nc': (0.05263157894737042, 0.021666666715903227)}"
CHEMBL217_Ki_CHEMBL5121178,619,309,310,124,169,0.8484958318231243,0.7759545088746855,True,75,0.21333333333333335,59,"{'ks_neg': (0.09269563854383117, 0.023178807947017432), 'ks_nc': (0.05542000697107097, 0.01490066225217146)}"
CHEMBL217_Ki_CHEMBL5145822,619,309,310,125,164,0.8812272727272727,0.8595130168855826,True,41,0.024390243902439025,40,"{'ks_neg': (0.08307673608297683, 0.01994080283159977), 'ks_nc': (0.07123055598336742, 0.021282474858855704)}"
CHEMBL217_Ki_CHEMBL863653,619,309,310,132,176,0.8968360071301247,0.879638247046927,True,55,0.05454545454545454,52,"{'ks_neg': (0.10118151715833834, 0.01821192063206556), 'ks_nc': (0.0733705123736494, 0.015058408690523883)}"
CHEMBL217_Ki_CHEMBL895648,619,309,310,133,180,0.8850508624502432,0.8572024661647413,True,0,,0,"{'ks_neg': (0.11771177117711765, 0.02805280609732215), 'ks_nc': (0.073399774187945, 0.01650165148077426)}"
CHEMBL217_Ki_CHEMBL897619,619,309,310,140,187,0.879673721340388,0.8687076587013436,True,49,0.04081632653061224,47,"{'ks_neg': (0.06378156319722389, 0.018211920648145474), 'ks_nc': (0.058115296927581106, 0.046273236654635785)}"
CHEMBL217_Ki_CHEMBL902495,619,309,310,134,174,0.8968629904370364,0.8590654887174685,True,64,0.09375,58,"{'ks_neg': (0.07984877992897432, 0.026578073089701), 'ks_nc': (0.05576805385556827, 0.013289036545829025)}"
CHEMBL217_Ki_CHEMBL926379,619,309,310,125,166,0.9041333333333333,0.859550270594384,True,56,0.125,49,"{'ks_neg': (0.08619395615247927, 0.0524590163934463), 'ks_nc': (0.06885245901639342, 0.01147540988484852)}"
CHEMBL218_Ki_CHEMBL1059680,457,228,230,112,116,0.8356537530266344,0.8569896324254376,True,16,0.0,16,"{'ks_neg': (0.12683658170914291, 0.023913044787785775), 'ks_nc': (0.07871853546911001, 0.015217392079023728)}"
CHEMBL218_Ki_CHEMBL1636581,457,228,230,103,112,0.8594144178579619,0.8620963119302536,True,36,0.027777777777777776,35,"{'ks_neg': (0.1024068322981363, 0.05206760849666092), 'ks_nc': (0.11018306636155939, 0.02608695652173913)}"
CHEMBL218_Ki_CHEMBL1952464,457,228,230,101,111,0.8252360119732903,0.8141923932783506,True,71,0.19718309859154928,57,"{'ks_neg': (0.10477869173521026, 0.02429739048384938), 'ks_nc': (0.1080472921434032, 0.02297571733834536)}"
CHEMBL218_Ki_CHEMBL2210669,457,228,230,99,106,0.8279744004934844,0.7806437026980728,True,50,0.14,43,"{'ks_neg': (0.11107465135356737, 0.04646626686139016), 'ks_nc': (0.06048817696414954, 0.03043478260869565)}"
CHEMBL218_Ki_CHEMBL3119424,457,228,230,117,115,0.8072763028515242,0.8413278255866825,True,75,0.16,63,"{'ks_neg': (0.126086956521739, 0.03913043478261291), 'ks_nc': (0.06235697940503793, 0.03913043478261147)}"
CHEMBL218_Ki_CHEMBL3379965,457,228,230,122,117,0.8192167577413478,0.8575990277005819,True,65,0.13846153846153847,56,"{'ks_neg': (0.10289855072463472, 0.04228278921214568), 'ks_nc': (0.04774980930587991, 0.0347826086956613)}"
CHEMBL218_Ki_CHEMBL4235196,457,228,230,112,110,0.8480629539951574,0.8744179783336773,True,59,0.05084745762711865,56,"{'ks_neg': (0.18774703557312133, 0.05524740729000027), 'ks_nc': (0.07368421052631269, 0.01927256958069573)}"
CHEMBL218_Ki_CHEMBL4364974,457,228,230,115,113,0.8514177693761815,0.8644766523158168,True,0,,0,"{'ks_neg': (0.22223932281646674, 0.07582397745940722), 'ks_nc': (0.1015636918382899, 0.015217392536693741)}"
CHEMBL218_Ki_CHEMBL4426136,457,228,230,121,125,0.8254606111153234,0.8610652457725683,True,65,0.15384615384615385,55,"{'ks_neg': (0.18886956521739, 0.03913043493310164), 'ks_nc': (0.09698703279938808, 0.019565217392629952)}"
CHEMBL218_Ki_CHEMBL932400,457,228,230,114,104,0.808832425892317,0.8256640187829282,True,44,0.06818181818181818,41,"{'ks_neg': (0.1581939799331089, 0.07081462427184315), 'ks_nc': (0.10652173913043883, 0.019565217474210445)}"
CHEMBL222_IC50_CHEMBL1012269,379,189,190,73,116,0.9000117082308863,0.8674633794991811,True,21,0.047619047619047616,20,"{'ks_neg': (0.09029038112522714, 0.023684210551135787), 'ks_nc': (0.09133945976051255, 0.02368421082933536)}"
CHEMBL222_IC50_CHEMBL1041763,379,189,190,73,114,0.8966163212738556,0.843791856912141,True,0,,0,"{'ks_neg': (0.1736842105263161, 0.03058473541183082), 'ks_nc': (0.09111668059036437, 0.024225233322301365)}"
CHEMBL222_IC50_CHEMBL1064405,379,189,190,75,120,0.8980869565217392,0.8246608411222283,True,0,,0,"{'ks_neg': (0.0864035087719307, 0.03421052666024216), 'ks_nc': (0.06761347813979601, 0.03421052719659334)}"
CHEMBL222_IC50_CHEMBL1176114,379,189,190,70,108,0.8755952380952381,0.7932504433822352,True,0,,0,"{'ks_neg': (0.058187134502923954, 0.03157894737416045), 'ks_nc': (0.059537733221943945, 0.026315789473738138)}"
CHEMBL222_IC50_CHEMBL1686749,379,189,190,79,124,0.8617858364693808,0.8381980570794949,True,0,,0,"{'ks_neg': (0.10933786078098523, 0.02631578948881297), 'ks_nc': (0.05680868838763742, 0.02105263159618498)}"
CHEMBL222_IC50_CHEMBL3385966,379,189,190,72,114,0.8954802259887005,0.8198336573504932,True,0,,0,"{'ks_neg': (0.06315789473684208, 0.023684210556028595), 'ks_nc': (0.08710665552770813, 0.018421052631590107)}"
CHEMBL222_IC50_CHEMBL4433105,379,189,190,78,109,0.8435210622710623,0.810904396916641,True,52,0.19230769230769232,42,"{'ks_neg': (0.0975857073877312, 0.039378523779328156), 'ks_nc': (0.13428014480646044, 0.02368421167114987)}"
CHEMBL222_IC50_CHEMBL869835,379,189,190,75,113,0.8987826086956522,0.8531862224997774,True,9,0.0,9,"{'ks_neg': (0.09781089892873777, 0.026381240494117386), 'ks_nc': (0.06906154274575325, 0.023684210526524363)}"
CHEMBL222_IC50_CHEMBL948897,379,189,190,73,116,0.9185107130312609,0.8824271451676291,True,19,0.0,19,"{'ks_neg': (0.12468239564428321, 0.02274916702518559), 'ks_nc': (0.045976051239209115, 0.018421052773923585)}"
CHEMBL222_IC50_CHEMBL954294,379,189,190,71,110,0.8859036572375428,0.8036051681670423,True,0,,0,"{'ks_neg': (0.11387559808612568, 0.04086038379779233), 'ks_nc': (0.08641047062099727, 0.021054018979309364)}"
CHEMBL222_IC50_CHEMBL995197,379,189,190,74,113,0.8936393289841567,0.8518521207321651,True,0,,0,"{'ks_neg': (0.16040987424313047, 0.02862157555107714), 'ks_nc': (0.09167362851573413, 0.0173522129338739)}"
CHEMBL226_Ki_CHEMBL1000453,1118,559,559,186,376,0.9014096687710802,0.8382737467297314,True,41,0.04878048780487805,39,"{'ks_neg': (0.042182088075211954, 0.011212399854082289), 'ks_nc': (0.05903398926654779, 0.008944543862718257)}"
CHEMBL226_Ki_CHEMBL1117074,1118,559,559,186,375,0.8848193951973249,0.796498160488215,True,76,0.13157894736842105,66,"{'ks_neg': (0.0672868217054281, 0.013417591962852304), 'ks_nc': (0.04830053667263001, 0.016644846342503183)}"
CHEMBL226_Ki_CHEMBL1227963,1118,559,559,192,376,0.8840258855585832,0.8101022174566488,True,33,0.030303030303030304,32,"{'ks_neg': (0.05524207361169403, 0.027850971011404303), 'ks_nc': (0.0608228980322007, 0.00834887684536878)}"
CHEMBL226_Ki_CHEMBL1664119,1118,559,559,205,390,0.8766156814110514,0.8147541026772139,True,108,0.1388888888888889,93,"{'ks_neg': (0.03685152057245175, 0.011874067362808272), 'ks_nc': (0.03577817531305927, 0.012162675542696288)}"
CHEMBL226_Ki_CHEMBL1936134,1118,559,559,192,371,0.8875454132606722,0.8001100311191253,True,115,0.19130434782608696,93,"{'ks_neg': (0.045986045547260046, 0.010738854640204076), 'ks_nc': (0.04293381037567112, 0.01073345264369352)}"
CHEMBL226_Ki_CHEMBL1959505,1118,559,559,198,380,0.9021517110159769,0.8371528046919087,True,92,0.10869565217391304,82,"{'ks_neg': (0.023665379907732098, 0.014802962914783002), 'ks_nc': (0.030411449016100378, 0.02273073711244389)}"
CHEMBL226_Ki_CHEMBL2073178,1118,559,559,201,379,0.9072653492314962,0.8442620795434561,True,102,0.0784313725490196,94,"{'ks_neg': (0.045600653258502766, 0.02082996704084028), 'ks_nc': (0.04293381037567112, 0.018104684176828978)}"
CHEMBL226_Ki_CHEMBL2174889,1118,559,559,187,380,0.9002213788741303,0.8243756297401226,True,79,0.13924050632911392,68,"{'ks_neg': (0.0966246116184939, 0.011627907240631619), 'ks_nc': (0.07692307692307743, 0.009173989031274976)}"
CHEMBL226_Ki_CHEMBL2187070,1118,559,559,185,373,0.9072987425928603,0.8060284414759407,True,96,0.11458333333333333,85,"{'ks_neg': (0.08203081910919441, 0.016307907039476127), 'ks_nc': (0.06618962432915965, 0.01856063427283039)}"
CHEMBL226_Ki_CHEMBL3096082,1118,559,559,198,384,0.8862936847701391,0.8140181249166032,True,52,0.057692307692307696,49,"{'ks_neg': (0.04384689922481111, 0.009376217506931406), 'ks_nc': (0.04293381037567112, 0.01868493362791171)}"
CHEMBL226_Ki_CHEMBL3240796,1118,559,559,202,393,0.8878026458107995,0.826763735244086,True,86,0.12790697674418605,75,"{'ks_neg': (0.043584736465972995, 0.01574912027551323), 'ks_nc': (0.04830053667263001, 0.008944544581188874)}"
CHEMBL226_Ki_CHEMBL3379783,1118,559,559,185,372,0.9115045526810233,0.8523967194235873,True,68,0.04411764705882353,65,"{'ks_neg': (0.036831323215419216, 0.018914389264832854), 'ks_nc': (0.03220035778175334, 0.007194108534840149)}"
CHEMBL226_Ki_CHEMBL3411599,1118,559,559,198,383,0.8967514479979855,0.8320058906147692,True,108,0.10185185185185185,97,"{'ks_neg': (0.03668430664605332, 0.011627907391140002), 'ks_nc': (0.03756708407871223, 0.014498440286001418)}"
CHEMBL226_Ki_CHEMBL3744101,1118,559,559,195,372,0.9009298393913779,0.8501012767858702,True,98,0.09183673469387756,89,"{'ks_neg': (0.02961317252390272, 0.009838998211683103), 'ks_nc': (0.030411449016100378, 0.02177637597689286)}"
CHEMBL226_Ki_CHEMBL3767376,1118,559,559,198,370,0.884845686784745,0.8125263225601749,True,121,0.17355371900826447,100,"{'ks_neg': (0.08049122467728076, 0.010733497055851027), 'ks_nc': (0.04114490161001816, 0.02517718453980536)}"
CHEMBL226_Ki_CHEMBL3802551,1118,559,559,187,371,0.9066902420792363,0.8465630479703554,True,65,0.07692307692307693,60,"{'ks_neg': (0.047090250688319624, 0.009167302482960438), 'ks_nc': (0.03220035778175334, 0.008050089720893883)}"
CHEMBL226_Ki_CHEMBL3878177,1118,559,559,203,374,0.8776360214756186,0.8200265501644256,True,44,0.06818181818181818,41,"{'ks_neg': (0.0661609252580519, 0.014180280702852044), 'ks_nc': (0.03756708407871223, 0.008340449570236164)}"
CHEMBL226_Ki_CHEMBL4152680,1118,559,559,201,382,0.8829595041552016,0.8266838438017704,True,39,0.07692307692307693,36,"{'ks_neg': (0.034879037922986744, 0.009839004145718921), 'ks_nc': (0.04114490161001816, 0.014022146442475125)}"
CHEMBL226_Ki_CHEMBL4275270,1118,559,559,196,372,0.9103207398661944,0.8655717814530995,True,52,0.07692307692307693,48,"{'ks_neg': (0.057028680246988706, 0.010733452610943328), 'ks_nc': (0.04830053667263001, 0.03407083421912893)}"
CHEMBL226_Ki_CHEMBL4333783,1118,559,559,202,377,0.8875669079512993,0.8263328834566125,True,78,0.11538461538461539,69,"{'ks_neg': (0.07124791808031472, 0.012522362038116408), 'ks_nc': (0.050089445438282976, 0.009951353364742399)}"
CHEMBL226_Ki_CHEMBL4369920,1118,559,559,197,374,0.8998794065681353,0.8468434350387298,True,56,0.10714285714285714,50,"{'ks_neg': (0.05138090363808778, 0.008050089455863454), 'ks_nc': (0.028622540250447415, 0.007155654423652735)}"
CHEMBL226_Ki_CHEMBL4407526,1118,559,559,188,373,0.8789499340482883,0.780233679621024,True,127,0.2125984251968504,100,"{'ks_neg': (0.045432527445125825, 0.027915988686969373), 'ks_nc': (0.050089445438282976, 0.013060323014532638)}"
CHEMBL226_Ki_CHEMBL829615,1118,559,559,192,358,0.8626177906448682,0.80371066367988,True,51,0.0784313725490196,47,"{'ks_neg': (0.04263399326410933, 0.01252236163365572), 'ks_nc': (0.03220035778175334, 0.0144803026703485)}"
CHEMBL226_Ki_CHEMBL841776,1118,559,559,170,373,0.900937547255406,0.8060219688458969,True,36,0.08333333333333333,33,"{'ks_neg': (0.08014119430043432, 0.02009612774896391), 'ks_nc': (0.0536672629695889, 0.03740306416508557)}"
CHEMBL226_Ki_CHEMBL863394,1118,559,559,178,362,0.8841310566516264,0.7816751003626203,True,75,0.16,63,"{'ks_neg': (0.09911641743840316, 0.02316933908719343), 'ks_nc': (0.08586762075134224, 0.007155635391885462)}"
CHEMBL226_Ki_CHEMBL870845,1118,559,559,197,363,0.8732436828673192,0.7919179217121525,True,84,0.13095238095238096,73,"{'ks_neg': (0.09365405559908724, 0.009777897557904452), 'ks_nc': (0.04651162790697705, 0.025676169211437783)}"
CHEMBL226_Ki_CHEMBL871362,1118,559,559,206,371,0.8953904122775653,0.8559905358148062,True,108,0.09259259259259259,98,"{'ks_neg': (0.059564393482778845, 0.015205724508576934), 'ks_nc': (0.05366726296958885, 0.045992975489145105)}"
CHEMBL226_Ki_CHEMBL894342,1118,559,559,174,358,0.8836990595611285,0.7842789313283902,True,98,0.12244897959183673,86,"{'ks_neg': (0.08452843765303208, 0.013437442862009763), 'ks_nc': (0.05724508050089483, 0.03357284452420389)}"
CHEMBL226_Ki_CHEMBL901018,1118,559,559,176,367,0.8625237360550676,0.7593074067352837,True,42,0.14285714285714285,36,"{'ks_neg': (0.049455772033552725, 0.015205725454070285), 'ks_nc': (0.050089445438282976, 0.05008944543899041)}"
CHEMBL226_Ki_CHEMBL904111,1118,559,559,188,378,0.8882691976830877,0.8234904694719181,True,75,0.10666666666666667,67,"{'ks_neg': (0.09004174120453157, 0.025582262646694165), 'ks_nc': (0.07155635062611854, 0.009838999527133227)}"
CHEMBL226_Ki_CHEMBL917986,1118,559,559,197,374,0.8748492582101691,0.7993503711918438,True,110,0.13636363636363635,95,"{'ks_neg': (0.053657696612554207, 0.01544412389154659), 'ks_nc': (0.05008944543828292, 0.008701036021365682)}"
CHEMBL226_Ki_CHEMBL918607,1118,559,559,210,374,0.8835038886614819,0.8418064138664841,True,104,0.10576923076923077,93,"{'ks_neg': (0.0451866874575515, 0.014311270265805476), 'ks_nc': (0.05366726296958885, 0.011627907020903383)}"
CHEMBL226_Ki_CHEMBL918669,1118,559,559,191,364,0.8785141133621671,0.7945190337619764,True,83,0.12048192771084337,73,"{'ks_neg': (0.058395093278810206, 0.039262501604273026), 'ks_nc': (0.04293381037567112, 0.009810645604704765)}"
CHEMBL226_Ki_CHEMBL922854,1118,559,559,201,370,0.8810556157758693,0.8325663863669043,True,135,0.17037037037037037,112,"{'ks_neg': (0.049833196344836295, 0.016879908684810818), 'ks_nc': (0.05008944543828292, 0.011084344524338985)}"
CHEMBL226_Ki_CHEMBL933587,1118,559,559,204,371,0.8803231151615575,0.8285435472007598,True,117,0.1282051282051282,102,"{'ks_neg': (0.07451214866748335, 0.011558282200237024), 'ks_nc': (0.039355992844365195, 0.009974756855665429)}"
