smiles,pchembl_value
C#CCN(CCCCN1CCN(c2ccccc2)CC1)C1CCc2ccc(O)cc2C1,tensor([7.1700])
CCCN(CCN1CCN(c2ccccc2)CC1)C1CCc2ccc(O)cc2C1,tensor([6.6700])
C#CCN(CCN1CCN(c2ccccc2)CC1)C1CCc2ccc(O)cc2C1,tensor([6.6100])
O=C(NCCCCN(CCCN1CCN(c2ccccc2)CC1)C1CCc2ccc(O)cc2C1)c1ccccc1,tensor([6.1100])
O=C(NCCN(CCCN1CCN(c2ccccc2)CC1)C1CCc2ccc(O)cc2C1)c1ccccc1,tensor([6.4500])
CCCN(CCCCN1CCN(c2ccccc2)CC1)C1CCc2ccc(O)cc2C1,tensor([6.9400])
CCCN(CCCCN1CCN(c2cccc(Cl)c2Cl)CC1)C1CCc2ccc(O)cc2C1,tensor([8.0600])
CCCN(CCN1CCN(c2cccc(Cl)c2Cl)CC1)C1CCc2ccc(O)cc2C1,tensor([7.5600])
N#CCCCN(CCCN1CCN(c2ccccc2)CC1)C1CCc2ccc(O)cc2C1,tensor([6.2100])
O=C(NCC=CCN1CCN(c2cccc(Cl)c2Cl)CC1)c1ccc([N+](=O)[O-])cc1,tensor([7.7100])
O=C(NCC=CCN1CCN(c2cccc(Cl)c2Cl)CC1)c1ccc(O)cc1,tensor([7.8600])
O=C(NCC=CCN1CCN(c2cccc(Cl)c2Cl)CC1)c1cc2ccccc2s1,tensor([6.8300])
O=C(NCC=CCN1CCN(c2cccc(Cl)c2Cl)CC1)c1cccc2c1-c1ccccc1C2,tensor([7.2000])
O=C(NCCCCN1CCN(c2cccc(Cl)c2Cl)CC1)c1cc2ccccc2o1,tensor([7.3500])
O=C(NCCCCN1CCN(c2cccc(Cl)c2Cl)CC1)c1cccc2c1-c1ccccc1C2=O,tensor([7.1500])
O=C(NCC=CCN1CCN(c2cccc(Cl)c2Cl)CC1)c1ccc(I)cc1,tensor([7.4500])
O=C(NCC=CCN1CCN(c2cccc(Cl)c2Cl)CC1)c1ccc(-c2ccccn2)cc1,tensor([7.0300])
O=C(NCCCCN1CCN(c2cccc(Cl)c2Cl)CC1)c1cc2ccccc2s1,tensor([7.1900])
O=C(NCC=CCN1CCN(c2cccc(Cl)c2Cl)CC1)c1cc2ccccc2o1,tensor([7.1200])
O=C(NCCCCN1CCN(c2cccc(Cl)c2Cl)CC1)c1ccc(-c2ccccn2)cc1,tensor([7.6100])
O=C(NCCCCN1CCN(c2cccc(Cl)c2Cl)CC1)c1ccc(I)cc1,tensor([7.4100])
O=C(NCC=CCN1CCN(c2cccc(Cl)c2Cl)CC1)c1ccc2c(c1)Cc1ccccc1-2,tensor([6.7800])
O=C(NCCCCN1CCN(c2cccc(Cl)c2Cl)CC1)c1cnc2ccccc2n1,tensor([7.5300])
O=C(NCC=CCN1CCN(c2cccc(Cl)c2Cl)CC1)c1ccccc1,tensor([8.6000])
COc1ccc(C(=O)NCC=CCN2CCN(c3cccc(Cl)c3Cl)CC2)cc1,tensor([7.5200])
CN1CCc2ccccc2Cc2ccn(C)c2CC1,tensor([6.1500])
CN1CCc2ccccc2Cc2ccccc2CC1,tensor([7.2500])
CCN1CCc2ccccc2Cc2[nH]c3ccccc3c2CC1,tensor([6.6000])
CN1CCc2ccccc2Cc2ccsc2CC1,tensor([6.7000])
CON=C(CCN1CCN(c2ccccn2)CC1)c1ccccc1C,tensor([6.9500])
CON=C(CCN1CCN(c2ccccn2)CC1)c1cccc(Cl)c1,tensor([7.0100])
CON=C(CCN1CCN(c2ccccn2)CC1)c1cccc(C)c1,tensor([7.1700])
CON=C(CCN1CCN(c2ccccn2)CC1)c1cccnc1,tensor([5.7400])
CON=C(CCN1CCN(c2ccccn2)CC1)c1ccc(F)c(Cl)c1,tensor([6.7700])
CON=C(CCN1CCN(c2ccccn2)CC1)c1ccc(C)c(C)c1,tensor([6.8600])
CON=C(CCN1CCN(c2ccccn2)CC1)c1ccc(Cl)cc1,tensor([7.2000])
CON=C(CCN1CCC(c2ccccn2)CC1)c1ccc(Cl)cc1,tensor([7.7100])
CON=C(CCN1CCN(c2ccccn2)CC1)c1cc(F)cc(F)c1,tensor([6.8800])
CON=C(CN1CCN(c2ccccn2)CC1)c1ccc(F)cc1,tensor([5.6000])
CCON=C(CCN1CCN(c2nccs2)CC1)c1ccccc1,tensor([6.5900])
CON=C(c1ccc(Cl)cc1)C(C)CN1CCN(c2ccccn2)CC1,tensor([6.8400])
CON=C(CCN1CCN(c2ccccn2)CC1)c1ccccc1,tensor([6.7600])
CON=C(CCN1CCN(c2ccccn2)CC1)c1ccc(Cl)c(C)c1,tensor([7.2100])
CON=C(CCN1CCN(c2ccccn2)CC1)c1cccc(F)c1,tensor([7.3300])
ON=C(CCN1CCN(c2ccccn2)CC1)c1ccccc1,tensor([6.5900])
CON=C(CCN1CCN(c2ccccn2)CC1)c1ccc(F)cc1,tensor([6.7800])
CON=C(c1ccc(Cl)cc1)C(O)CN1CCN(c2ccccn2)CC1,tensor([6.4300])
CON=C(CCN1CCN(c2ccccn2)CC1)c1ccc(Cl)c(Cl)c1,tensor([7.1900])
CON=C(CCN1CCN(c2ccccn2)CC1)c1cccc(C#N)c1,tensor([6.9000])
CON=C(CCN1CCN(c2ccccn2)CC1C)c1ccc(Cl)cc1,tensor([7.1200])
N#CCON=C(CCN1CCN(c2ccccn2)CC1)c1ccccc1,tensor([6.8500])
CON=C(c1ccc(Cl)cc1)C(CNOC)CN1CCN(c2ccccn2)CC1,tensor([6.7900])
O=C(NCC=CCN1CCN(c2cccc(Cl)c2Cl)CC1)c1ccc(-c2cccc[n+]2[O-])cc1,tensor([7.5900])
O=C(NCC=CCN1CCN(c2cccc(Cl)c2Cl)CC1)c1ccc(-c2cccc(=O)[nH]2)cc1,tensor([7.6300])
O=C(NCC1CC1CN1CCN(c2cccc(Cl)c2Cl)CC1)c1ccc(-c2ccccn2)cc1,tensor([7.2700])
COc1ccccc1N1CCN(CC=CCNC(=O)c2ccc(-c3ccccn3)cc2)CC1,tensor([7.1600])
COc1ccccc1N1CCN(CC=CCNC(=O)c2ccc3c(c2)Cc2ccccc2-3)CC1,tensor([7.3200])
COc1ccccc1N1CCN(CCCCNC(=O)c2ccc3c(c2)Cc2ccccc2-3)CC1,tensor([7.2600])
O=C(NCC(O)CCN1CCN(c2cccc(Cl)c2Cl)CC1)c1ccc2c(c1)Cc1ccccc1-2,tensor([7.0800])
O=C(NCCC(O)CN1CCN(c2cccc(Cl)c2Cl)CC1)c1ccc(-c2ccccn2)cc1,tensor([6.5700])
COc1ccccc1N1CCN(CC(O)CCNC(=O)c2ccc3c(c2)Cc2ccccc2-3)CC1,tensor([6.6000])
Cc1cccnc1-c1ccc(C(=O)NCC=CCN2CCN(c3cccc(Cl)c3Cl)CC2)cc1,tensor([7.0400])
CC(=O)OC(CCNC(=O)c1ccc(-c2ccccn2)cc1)CN1CCN(c2cccc(Cl)c2Cl)CC1,tensor([6.8700])
COc1ccccc1N1CCN(CCC(O)CNC(=O)c2ccc3c(c2)Cc2ccccc2-3)CC1,tensor([7.1700])
O=C(NCC(O)CCN1CCN(c2cccc(Cl)c2Cl)CC1)c1ccc(-c2ccccn2)cc1,tensor([7.5500])
O=C(NCCC(O)CN1CCN(c2cccc(Cl)c2Cl)CC1)c1ccc2c(c1)Cc1ccccc1-2,tensor([6.5000])
COc1ccccc1N1CCN(CC(O)CCNC(=O)c2ccc(-c3ccccn3)cc2)CC1,tensor([6.5500])
O=C(NCC=CC[N+]1([O-])CCN(c2cccc(Cl)c2Cl)CC1)c1ccc(-c2ccccn2)cc1,tensor([5.9400])
Cc1cccc(-c2ccc(C(=O)NCC=CCN3CCN(c4cccc(Cl)c4Cl)CC3)cc2)n1,tensor([6.9800])
COc1ccccc1N1CCN(CCCCNC(=O)c2ccc(-c3ccccn3)cc2)CC1,tensor([7.5500])
CN1CCCc2ccccc2Cc2ccc(O)cc2CC1,tensor([7.1300])
COc1ccc2c(c1)CCCN(C)CCCc1ccccc1C2,tensor([6.7600])
Oc1ccc2c(c1)CCCNCCc1ccccc1C2,tensor([6.0700])
COc1ccc2c(c1)CCCN(C)CCc1ccccc1C2,tensor([7.6000])
COc1ccc2c(c1)Cc1ccccc1CCCN(C)CC2,tensor([5.8600])
COc1cc2c(cc1OC)Cc1ccccc1CCCN(C)CC2,tensor([5.9900])
CN1CCCc2ccccc2Cc2ccc(O)cc2CCC1,tensor([6.4200])
COc1ccc2c(c1)CCN(C)CCCc1ccccc1C2,tensor([7.0600])
CN1CCCc2ccccc2Cc2cc(O)ccc2CC1,tensor([7.2000])
CN1CCCc2cc(O)ccc2Cc2ccccc2CC1,tensor([6.2900])
O=C(NCCCCN1CCN2c3ccccc3Cc3ccccc3C2C1)c1ccc2ccccc2c1,tensor([5.8800])
O=C(NCCCCN1CCCN(C(c2ccccc2)c2ccccc2)CC1)c1cccs1,tensor([6.1800])
COc1ccccc1C(c1ccccc1OC)N1CCN(CCCCNC(=O)c2cc3ccccc3s2)CC1,tensor([6.2100])
O=C1c2ccccc2C(=O)N1CCCCN1CCC(N(Cc2ccccc2)c2ccccc2)CC1,tensor([6.8900])
COc1ccccc1N(C(=O)c1ccccc1)C1CCN(CCCCNC(=O)c2ccc3ccccc3c2)CC1,tensor([5.3300])
O=C(C=Cc1ccccc1)NCCCCN1CCN(C(c2ccccc2)c2ccc(Cl)cc2)CC1,tensor([6.0200])
O=C(NCCCCN1CCN(C(c2ccccc2)c2ccc(Cl)cc2)CC1)C1CCCCC1,tensor([6.7200])
O=C(C=Cc1ccccc1)NCCCCN1CCN2c3ccccc3Cc3ccccc3C2C1,tensor([6.3700])
O=C(C=Cc1ccccc1)NCCCCN1CCN(C(c2ccccc2)c2ccccc2)CC1,tensor([6.1900])
COc1ccccc1N(C(C)=O)C1CCN(CCCCNC(=O)c2ccc3ccccc3c2)CC1,tensor([4.8800])
O=C1c2ccccc2C(=O)N1CCCCN1CCCN(C(c2ccccc2)c2ccc(Cl)cc2)CC1,tensor([6.6500])
O=C(NCCCCN1CCC(N(Cc2ccccc2)c2ccccc2)CC1)c1ccc2ccccc2c1,tensor([6.1500])
O=C(C=Cc1ccccc1)NCCCCN1CCc2ccccc2C1,tensor([5.9000])
COc1ccccc1N1CCN(CCCCNC(=O)c2ccc3ccccc3c2)CC1,tensor([7.2800])
COc1ccccc1NC1CCN(CCCCN2C(=O)c3ccccc3C2=O)CC1,tensor([5.6400])
O=C(NCCCCN1CCN(C(c2ccccc2)c2ccccc2)CC1)c1cccs1,tensor([6.2100])
O=C1c2ccccc2C(=O)N1CCCCN1CCN(C(c2ccccc2)c2ccc(Cl)cc2)CC1,tensor([6.2500])
COc1ccccc1C(c1ccccc1OC)N1CCN(CCCCNC(=O)c2ccc3ccccc3c2)CC1,tensor([6.5000])
O=C(NCCCCN1CCCN(C(c2ccccc2)c2ccccc2)CC1)c1ccc2ccccc2c1,tensor([6.8700])
O=C(NCCCCN1CCN(C(c2ccccc2)c2ccccc2)CC1)c1cc2ccccc2s1,tensor([6.2300])
COc1ccccc1C(c1ccccc1)N1CCN(CCCCNC(=O)c2cc3ccccc3s2)CC1,tensor([6.2000])
O=C(NCCCCN1CCN2c3ccccc3Cc3ccccc3C2C1)C1CCCCC1,tensor([6.5900])
O=C(NCCCCN1CCN2c3ccccc3Cc3ccccc3C2C1)c1cccs1,tensor([6.3000])
O=C(NCCCCN1CCN(C(c2ccccc2)c2ccccc2)CC1)c1ccc2ccccc2c1,tensor([6.3400])
O=C(NCCCCN1CCN(C(c2ccccc2)c2ccc(Cl)cc2)CC1)c1cc2ccccc2s1,tensor([6.])
O=C(NCCCCN1CCN(C(c2ccccc2)c2ccc(Cl)cc2)CC1)c1ccc2ccccc2c1,tensor([6.2300])
O=C(C=Cc1ccccc1)NCCCCN1CCCN(C(c2ccccc2)c2ccccc2)CC1,tensor([6.7900])
O=C(NCCCCN1CCN(C(c2ccccc2)c2ccc(Cl)cc2)CC1)c1cccs1,tensor([6.8000])
O=C1c2ccccc2C(=O)N1CCCCN1CCCN(C(c2ccccc2)c2ccccc2)CC1,tensor([5.9300])
O=C1c2ccccc2C(=O)N1CCCCN1CCN2c3ccccc3Cc3ccccc3C2C1,tensor([6.0900])
O=C(NCCCCN1CCCN(C(c2ccccc2)c2ccccc2)CC1)c1cc2ccccc2s1,tensor([6.2000])
COc1ccccc1NC1CCN(CCCCNC(=O)c2ccc3ccccc3c2)CC1,tensor([6.7900])
O=C1c2ccccc2C(=O)N1CCCCN1CCN(C(c2ccccc2)c2ccccc2)CC1,tensor([6.2200])
O=C(NCCCCN1CCC(=C2c3ccc(Cl)cc3CCc3cccnc32)CC1)c1ccc2ccccc2c1,tensor([6.6000])
COc1ccccc1C(c1ccccc1OC)N1CCN(CCCCNC(=O)C=Cc2ccccc2)CC1,tensor([6.0100])
O=C(NCCCCN1CCC(=C2c3ccc(Cl)cc3CCc3cccnc32)CC1)c1cc2ccccc2s1,tensor([6.0700])
O=C(NCCCCN1CCC(N(Cc2ccccc2)c2ccccc2)CC1)c1cc2ccccc2s1,tensor([5.8000])
O=C1Cc2ccccc2C(=C2CCN(CCCCN3C(=O)c4ccccc4C3=O)CC2)c2ccsc21,tensor([5.9400])
O=c1c2ccccc2ncn1CCCCN1CCN(c2cccc(C(F)(F)F)c2)CC1,tensor([7.1400])
O=C1Cc2ccccc2N1CCCCN1CCN(c2cccc(C(F)(F)F)c2)CC1,tensor([6.4900])
O=C1c2ccccc2CN1CCCCN1CCN(c2cccc(C(F)(F)F)c2)CC1,tensor([6.4100])
O=c1c2ccccc2ncn1CCCCN1CCN(c2ccc(Cl)cc2)CC1,tensor([6.8500])
COc1ccccc1N1CCN(CCCCN2C(=O)c3ccccc3S2(=O)=O)CC1,tensor([6.4400])
O=C1c2ccccc2S(=O)(=O)N1CCCCN1CCN(c2ccccc2)CC1,tensor([7.4200])
COc1ccccc1N1CCN(CCCCN2Cc3ccccc3C2=O)CC1,tensor([6.5000])
O=C1c2ccccc2S(=O)(=O)N1CCCCN1CCN(c2ccc(Cl)cc2)CC1,tensor([6.7500])
COc1ccccc1N1CCN(CCCCn2cnc3ccccc3c2=O)CC1,tensor([6.7400])
O=C1c2ccccc2S(=O)(=O)N1CCCCN1CCN(c2cccc(C(F)(F)F)c2)CC1,tensor([6.9500])
O=c1c2ccccc2ncn1CCCCN1CCN(c2ccccc2)CC1,tensor([7.3400])
O=C1Cc2ccccc2N1CCCCN1CCN(c2ccc(Cl)cc2)CC1,tensor([5.7600])
COc1ccccc1N1CCN(CCCCN2C(=O)Cc3ccccc32)CC1,tensor([6.3900])
O=C1Cc2ccccc2N1CCCCN1CCN(c2ccccc2)CC1,tensor([6.7900])
O=C1c2ccccc2CN1CCCCN1CCN(c2ccc(Cl)cc2)CC1,tensor([6.1200])
O=C1c2ccccc2CN1CCCCN1CCN(c2ccccc2)CC1,tensor([6.7200])
CC(=O)NCC1(c2ccc(Cl)cc2)CCN(Cc2c[nH]c3ccccc23)CC1,tensor([5.7000])
OC1(c2ccc(Cl)cc2)CCCN(Cc2c[nH]c3ccccc23)C1,tensor([5.3700])
OC1(c2ccc(-c3ccccc3)cc2)CCN(Cc2c[nH]c3ccccc23)CC1,tensor([7.0100])
COc1ccc2[nH]cc(CN3CCC(O)(c4ccc(SC)cc4)CC3)c2c1,tensor([8.2600])
OC1(c2ccc(F)cc2)CCN(Cc2c[nH]c3ccccc23)CC1,tensor([6.9000])
CCCCCCn1cc(CN2CCC(O)(c3ccc(Cl)cc3)CC2)c2ccccc21,tensor([6.7300])
OC1(c2ccc(Cl)cc2)CCCN(Cc2c[nH]c3ccccc23)CC1,tensor([6.7000])
CC1(c2ccc(Cl)cc2)CCN(Cc2c[nH]c3ccccc23)CC1,tensor([6.])
CSc1ccc(C2(O)CCN(Cc3c[nH]c4ccccc34)CC2)cc1,tensor([7.6200])
CCOC(=O)C1(c2ccc(Cl)cc2)CCN(Cc2c[nH]c3ccccc23)CC1,tensor([7.2300])
Cc1[nH]c2ccccc2c1CN1CCC(O)(c2ccc(Cl)cc2)CC1,tensor([7.8100])
CC(=O)NC1(c2ccc(Cl)cc2)CCN(Cc2c[nH]c3ccccc23)CC1,tensor([7.0800])
OC1(c2ccc(Cl)cc2)CCN(Cc2n[nH]c3ccccc23)CC1,tensor([6.2600])
C=CCOC1(c2ccc(Cl)cc2)CCN(Cc2c[nH]c3ccccc23)CC1,tensor([6.7800])
OC1(c2ccccc2Cl)CCN(Cc2c[nH]c3ccccc23)CC1,tensor([6.4200])
FC1(c2ccc(Cl)cc2)CCN(Cc2c[nH]c3ccccc23)CC1,tensor([6.9200])
OC1(c2cccc(Cl)c2Cl)CCN(Cc2c[nH]c3ccccc23)CC1,tensor([7.5800])
OC1(Cc2ccc(Cl)cc2)CCN(Cc2c[nH]c3ccccc23)CC1,tensor([5.5400])
COC(=O)C1(c2ccc(Cl)cc2)CCN(Cc2c[nH]c3ccccc23)CC1,tensor([7.2200])
COC1(c2ccc(Cl)cc2)CCN(Cc2c[nH]c3ccccc23)CC1,tensor([7.1700])
CSc1ccc(C2(O)CCN(Cc3coc4ccccc34)CC2)cc1,tensor([7.2700])
OC1(c2ccc(Cl)cc2)CCN(Cc2coc3ccccc23)CC1,tensor([7.6800])
Cn1cc(CN2CCC(O)(c3ccc(Cl)cc3)CC2)c2ccccc21,tensor([7.5300])
OC1(c2ccc(Cl)c(Cl)c2)CCN(Cc2c[nH]c3ccccc23)CC1,tensor([8.1600])
OCC1(c2ccc(Cl)cc2)CCN(Cc2c[nH]c3ccccc23)CC1,tensor([5.6200])
COc1ccc(C2(O)CCN(Cc3c[nH]c4ccccc34)CC2)cc1,tensor([6.7500])
N#CC1(c2ccc(Cl)cc2)CCN(Cc2c[nH]c3ccccc23)CC1,tensor([6.7000])
OC1(c2cccc(C(F)(F)F)c2)CCN(Cc2c[nH]c3ccccc23)CC1,tensor([6.9700])
OC1(c2ccc(Cl)c(Cl)c2)CCN(Cc2n[nH]c3ccccc23)CC1,tensor([6.3600])
OC1(c2cccc(Cl)c2)CCN(Cc2c[nH]c3ccccc23)CC1,tensor([6.8900])
OC1(c2ccc(Cl)c(Cl)c2)CCN(Cc2coc3ccccc23)CC1,tensor([7.6800])
Oc1ccc(C2(O)CCN(Cc3c[nH]c4ccccc34)CC2)cc1,tensor([5.2700])
NC1(c2ccc(Cl)cc2)CCN(Cc2c[nH]c3ccccc23)CC1,tensor([6.7400])
COc1ccccc1C1CCN(CNC(=O)c2cccc(C)c2)CC1,tensor([7.5700])
Cc1cccc(C(=O)NCN2CCC(c3ccccn3)CC2)c1,tensor([5.4600])
Cc1cccc(NC(=O)CN2CCC(c3ccccn3)CC2)c1,tensor([5.5400])
Cc1cccc(C(=O)NCN2CCC(c3ccccc3)CC2)c1,tensor([6.6300])
CCCN(CCCCN1CCN(c2ccccc2)CC1)C1CCc2cc(O)c(O)cc2C1,tensor([7.6600])
CCCN(CCN1CCN(c2ccccc2)CC1)C1CCc2c(O)cccc2C1,tensor([7.5800])
Oc1ccc2c(c1)CC(N(CCc1cccs1)CCN1CCN(c3ccccc3)CC1)CC2,tensor([7.6100])
CCCN(CCCN1CCN(c2ccccc2)CC1)C1CCc2ccc(O)cc2C1,tensor([6.7800])
CCCN(CCC)C1CCc2ccc(O)cc2C1,tensor([6.7000])
CCCN(CCN1CCN(c2ccccc2)CC1)C1CCc2cc(O)ccc2C1,tensor([6.1900])
CCCN(CCN1CCN(c2ccccc2)CC1)C1CCc2cc(O)c(O)cc2C1,tensor([7.1500])
CCCN(CCN1CCN(c2ccccc2OC)CC1)C1CCc2c(O)cccc2C1,tensor([8.0200])
CCCN(CCN1CCN(c2cccc(Cl)c2Cl)CC1)C1CCc2c(O)cccc2C1,tensor([7.8400])
CCCN(CCN1CCN(c2ccccc2)CC1)C1CCc2ccc(N)cc2C1,tensor([6.2000])
CCCN(CCN1CCN(c2ccccc2)CC1)C1CCc2ccc3c(c2C1)CC(=O)N3,tensor([7.0400])
CN1CCc2c3c(cc4nc(N)sc24)-c2c(ccc(O)c2O)CC31,tensor([6.4800])
O=C(CCCN1CCC2(CC1)C(=O)NCN2c1ccccc1)c1ccc(F)cc1,tensor([9.3600])
Cc1cccc(C2CN(C)CCc3c2cc(O)c(O)c3-c2ccc3ccccc3c2)c1,tensor([7.5400])
Cc1cccc(-c2c(O)c(O)cc3c2CCN(C)CC3c2cccc(C)c2)c1,tensor([6.6800])
Clc1ccc(N2CCN(Cc3cc4ccccn4n3)CC2)cc1,tensor([5.6400])
COc1ccccc1N1CCN(Cc2cc3ccccn3n2)CC1,tensor([6.4600])
COc1ccccc1N1CCN(CCCNC(=O)c2cnn3ccccc23)CC1,tensor([7.8900])
COc1ccccc1N1CCN(CCCCNC(=O)c2cc3ccccn3n2)CC1,tensor([6.8200])
Clc1ccc(N2CCN(CCCCCc3cc4ccccn4n3)CC2)cc1,tensor([6.6600])
CSc1ccccc1N1CCN(CCCCNC(=O)c2cc3ccccn3n2)CC1,tensor([7.4300])
CSc1ccccc1N1CCN(CCCNC(=O)c2cnn3ccccc23)CC1,tensor([8.6600])
OC1(c2ccc(Cl)cc2)CC2CCC(C1)N2Cc1coc2c1ccc1ccccc12,tensor([8.2500])
OC1(c2ccc(Cl)cc2)CC2CCC(C1)N2Cc1c[nH]c2ccccc12,tensor([7.4800])
OC1(c2ccc(Cl)c(Cl)c2)CC2CCC(C1)N2Cc1c[nH]c2ccccc12,tensor([7.4500])
OC1(c2ccc3ccccc3c2)CC2CCC(C1)N2Cc1c[nH]c2ccccc12,tensor([6.7100])
OC1(c2ccc(F)cc2)CC2CCC(C1)N2Cc1c[nH]c2ccccc12,tensor([7.3800])
COc1ccc2[nH]cc(CN3C4CCC3CC(O)(c3ccc(Cl)cc3)C4)c2c1,tensor([7.4100])
OC1(c2ccc(Br)cc2)CC2CCC(C1)N2Cc1coc2ccccc12,tensor([8.8200])
COc1ccccc1C1(O)CC2CCC(C1)N2Cc1c[nH]c2ccccc12,tensor([5.6800])
OC1(c2ccc(Cl)cc2)CC2CCC(C1)N2Cc1coc2ccccc12,tensor([8.9700])
OC1(c2ccc(Cl)c(Cl)c2)CC2CCC(C1)N2Cc1coc2ccc(F)cc12,tensor([8.8500])
OC1(c2ccc(Cl)c(Cl)c2)CC2CCC(C1)N2Cc1coc2ccccc12,tensor([8.7700])
OC1(c2ccc(Cl)cc2)CC2CCC(C1)N2Cc1csc2ccccc12,tensor([7.8900])
OC1(c2cccc(Cl)c2Cl)CC2CCC(C1)N2Cc1csc2ccccc12,tensor([6.5500])
OC1(c2ccc(Cl)cc2)CC2CCC(C1)N2Cc1n[nH]c2ccccc12,tensor([6.6500])
OC1(c2ccc(Cl)c(Cl)c2)CC2CCC(C1)N2Cc1csc2ccccc12,tensor([7.5300])
COc1ccc2[nH]cc(CN3C4CCC3CC(O)(c3ccc(SC)cc3)C4)c2c1,tensor([6.2600])
OC1(c2cccc(Cl)c2Cl)CC2CCC(C1)N2Cc1c[nH]c2ccccc12,tensor([6.2600])
OC1(c2ccc(Cl)cc2)CC2CCC(C1)N2Cc1coc2ccc3ccccc3c12,tensor([7.9300])
OC1(c2ccc(F)cc2)CC2CCC(C1)N2Cc1coc2ccccc12,tensor([8.3100])
OC1(c2ccc(Cl)cc2)CC2CCC(C1)N2Cc1coc2ccc(F)cc12,tensor([8.9200])
CSc1ccc(C2(O)CC3CCC(C2)N3Cc2c[nH]c3ccccc23)cc1,tensor([6.2500])
OC1(c2cccc(Cl)c2Cl)CC2CCC(C1)N2Cc1coc2ccccc12,tensor([7.4000])
CCCN(CCN1CCN(c2ccnc3ccccc23)CC1)C1CCc2nc(N)sc2C1,tensor([6.9600])
CCCN(CCN1CCN(c2ccnc3ccccc23)CC1)C1CCc2c(cccc2OC)C1,tensor([8.4300])
CCCN(CCN1CCN(c2ccc3ccccc3c2)CC1)C1CCc2ccc(O)cc2C1,tensor([8.0500])
CCCN(CCN1CCN(c2nccc3ccccc23)CC1)C1CCc2ccc(O)cc2C1,tensor([7.6600])
CCCN(CCC)C1CCc2c(O)cccc2C1,tensor([7.2300])
CCCN(CCN1CCN(c2ccc(-c3ccncc3)cc2)CC1)C1CCc2nc(N)sc2C1,tensor([6.5700])
CCCN(CCN1CCN(c2ccc(-c3ccccc3)cc2)CC1)C1CCc2nc(N)sc2C1,tensor([6.5800])
CCCN(CCN1CCN(c2cccc3ncccc23)CC1)C1CCc2nc(N)sc2C1,tensor([7.2400])
CCCN(CCN1CCN(c2cccc3ncccc23)CC1)C1CCc2ccc(O)cc2C1,tensor([8.2800])
CCCN(CCN1CCN(c2nccc3ccccc23)CC1)C1CCc2nc(N)sc2C1,tensor([6.5700])
CCCN(CCN1CCN(C(=O)c2cc3ccccc3[nH]2)CC1)C1CCc2c(O)cccc2C1,tensor([7.3200])
CCCN(CCN1CCN(c2ccnc3ccccc23)CC1)C1CCc2ccc(O)cc2C1,tensor([8.1500])
Oc1cccc(N2CCN(Cc3ccccc3)CC2)c1,tensor([6.9400])
CCCN1CCC(c2cccc(O)c2)CC1,tensor([5.5900])
NCCc1ccc(O)c(O)c1,tensor([5.6800])
O=c1[nH]c2cccc(N3CCN(Cc4cccc(-c5ccccc5)c4)CC3)c2o1,tensor([10.])
O=C1CCc2ccc(OCCCCN3CCN(c4cccc(Cl)c4Cl)CC3)cc2N1,tensor([8.5900])
CS(=O)(=O)c1cccc(N2CCN(Cc3ccccc3)CC2)c1,tensor([5.7200])
Oc1cccc(C2CCN(Cc3ccccc3)CC2)c1,tensor([6.5400])
CCCN1CCCC(c2cccc(S(C)(=O)=O)c2)C1,tensor([5.4100])
O=C(CCCN1CCC(O)(c2ccc(Cl)cc2)CC1)c1ccc(F)cc1,tensor([8.7200])
CS(=O)(=O)c1cccc(C2CCN(Cc3ccccc3)CC2)c1,tensor([6.0800])
CCCN1CCN(c2cccc(S(C)(=O)=O)c2)CC1,tensor([5.9200])
CCCN1CCCC(c2cccc(O)c2)C1,tensor([5.6400])
CCCN1CCN(c2cccc(O)c2)CC1,tensor([6.1400])
Cc1cc2c(s1)Nc1ccccc1N=C2N1CCN(C)CC1,tensor([7.5000])
CN1CCc2ccccc2Cc2c([nH]c3ccccc23)CC1,tensor([7.2600])
c1ccc2c(c1)CCN1CCc3[nH]c4ccccc4c3C21,tensor([5.8300])
CN1CCc2ccccc2Cc2c[nH]c3cccc(c23)CC1,tensor([8.4000])
c1ccc2c(c1)CCN1CCc3cccc4[nH]cc(c34)C21,tensor([5.3500])
COc1ccc2[nH]cc(CN3CCC(O)(c4ccc(I)cc4)CC3)c2c1,tensor([9.0500])
OC1(c2ccc(I)cc2)CCN(Cc2c[nH]c3ccccc23)CC1,tensor([8.4200])
CN1CN(c2ccccc2)C2(CCN(Cc3csc4ccccc34)CC2)C1=O,tensor([7.1500])
O=C1N(CCF)CN(c2ccccc2)C12CCN(Cc1coc3ccccc13)CC2,tensor([8.1000])
OC1(c2ccc(Br)cc2)CCN(Cc2c[nH]c3ncccc23)CC1,tensor([6.6700])
OC1(c2ccc(I)cc2)CCN(Cc2c[nH]c3ncccc23)CC1,tensor([7.2100])
OC1(c2ccc(I)cc2)CCN(Cc2coc3ccccc23)CC1,tensor([8.6200])
OC1(c2ccc(Br)cc2)CCN(Cc2c[nH]c3ccc(OCCF)cc23)CC1,tensor([7.8600])
COc1cccc2[nH]cc(CN3CCC(n4c(=O)[nH]c5ccccc54)CC3)c12,tensor([7.6300])
O=c1[nH]c2ccccc2n1C1CCN(Cc2coc3ccccc23)CC1,tensor([7.8700])
COc1cccc2[nH]cc(CN3CCC(O)(c4ccc(Cl)cc4)CC3)c12,tensor([8.3800])
COc1cccc2[nH]cc(CN3CCC(O)(c4ccc(Br)cc4)CC3)c12,tensor([8.6400])
COc1ccc2[nH]cc(CN3CCC(O)(c4ccc(Cl)cc4)CC3)c2c1,tensor([8.3800])
COc1ccc2[nH]cc(CN3CCC(O)(c4ccccc4)CC3)c2c1,tensor([5.8600])
COc1ccc2[nH]cc(CN3CCC(n4c(=O)[nH]c5ccccc54)CC3)c2c1,tensor([7.9000])
OC1(c2ccccc2)CCN(Cc2cc3ccccc3s2)CC1,tensor([7.3300])
OC1(c2ccc(Br)cc2)CCN(Cc2c[nH]c3ccccc23)CC1,tensor([8.3200])
OC1(c2ccc(Br)cc2)CCN(Cc2coc3ccccc23)CC1,tensor([8.1800])
COc1cccc2[nH]cc(CN3CCC(O)(c4ccc(I)cc4)CC3)c12,tensor([9.0500])
OC1(c2ccc(I)cc2)CCN(Cc2cc3ccccc3o2)CC1,tensor([7.8400])
O=c1[nH]c2ccccc2n1C1CCN(Cc2csc3ccccc23)CC1,tensor([7.4200])
OC1(c2ccc(Br)cc2)CCN(Cc2c[nH]c3cccc(OCCF)c23)CC1,tensor([7.5600])
CSc1ccc(C2(O)CCN(Cc3c[nH]c4ncccc34)CC2)cc1,tensor([6.5900])
OC1(c2ccc(Br)cc2)CCN(Cc2cc3ccccc3o2)CC1,tensor([7.7600])
COc1ccc2[nH]cc(CN3CCC(O)(c4ccc(Br)cc4)CC3)c2c1,tensor([8.6000])
O=C1N(Cc2cn(CCF)nn2)CN(c2ccccc2)C12CCN(Cc1coc3ccccc13)CC2,tensor([8.7000])
FC(F)(F)c1cccc(N2CCN(CCCCNc3ncc(-c4ccccc4)o3)CC2)c1,tensor([8.0200])
Fc1ccccc1N1CCN(CCCCNc2cc(-c3ccccc3)ccn2)CC1,tensor([8.8200])
Fc1ccccc1N1CCN(CCCCNc2ccc(-c3ccccc3)cn2)CC1,tensor([8.6000])
Clc1cccc(N2CCN(CCCCNc3ccc4ccccc4n3)CC2)c1Cl,tensor([9.2200])
Clc1cccc(N2CCN(CCCCNc3ccc(-c4ccccc4)cn3)CC2)c1Cl,tensor([9.2300])
Fc1ccccc1N1CCN(CCCCNc2ccccn2)CC1,tensor([7.9600])
FC(F)(F)c1cccc(N2CCN(CCCCNc3cc(-c4ccccc4)ccn3)CC2)c1,tensor([9.1200])
Clc1cccc(N2CCN(CCCCNc3nccc4ccccc34)CC2)c1Cl,tensor([8.5100])
FC(F)(F)c1cccc(N2CCN(CCCCNc3nccc4ccccc34)CC2)c1,tensor([9.])
Clc1cccc(N2CCN(CCCCNc3ccccn3)CC2)c1Cl,tensor([9.4000])
FC(F)(F)c1cccc(N2CCN(CCCCNc3nc(-c4ccccc4)cs3)CC2)c1,tensor([7.8900])
Clc1cccc(N2CCN(CCCCNc3cc(-c4ccccc4)ccn3)CC2)c1Cl,tensor([9.2600])
Cc1ccccc1N1CCN(CCCCNc2ccccn2)CC1,tensor([7.5000])
COc1ccccc1N1CCN(CCCCNc2nccc3ccccc23)CC1,tensor([9.])
COc1ccccc1N1CCN(CCCCNc2ccc3ccccc3n2)CC1,tensor([8.2500])
Cc1cccc(N2CCN(CCCCNc3ccccn3)CC2)c1C,tensor([7.9200])
FC(F)(F)c1cccc(N2CCN(CCCCNc3ccc4ccccc4n3)CC2)c1,tensor([8.8000])
FC(F)(F)c1cccc(N2CCN(CCCCNc3ccc(-c4ccccc4)cn3)CC2)c1,tensor([8.9600])
COc1ccccc1N1CCN(CCCCNc2ccccn2)CC1,tensor([9.1000])
FC(F)(F)c1cccc(N2CCN(CCCCNc3ccccn3)CC2)c1,tensor([7.7700])
CN1CCN(C2Cc3ccccc3Sc3ccc(-c4nnn(C)n4)cc32)CC1,tensor([9.3600])
CN1CCN(C2Cc3ccccc3Sc3ccc(Cc4nnn(C)n4)cc32)CC1,tensor([9.4600])
CN1CCN(C2Cc3ccccc3Sc3ccc(Cc4nnnn4C)cc32)CC1,tensor([8.7200])
COc1ccccc1N1CCN(CC=CCNC(=O)c2ccc(CCF)cc2)CC1,tensor([6.8800])
COc1ccccc1N1CCN(CCCCNC(=O)c2ccc(CCF)cc2)CC1,tensor([7.2600])
O=C(NCC=CCN1CCN(c2ccccc2OCCF)CC1)c1ccc(-c2ccsc2)cc1,tensor([7.1500])
O=C(NCC=CCN1CCN(c2ccccc2OCCF)CC1)c1ccc(OCCF)cc1,tensor([7.4200])
CN(C)c1ccc(C(=O)NCC=CCN2CCN(c3ccccc3OCCF)CC2)cc1,tensor([7.4500])
COc1ccccc1N1CCN(CC=CCNC(=O)c2ccc(OCCOCCF)cc2)CC1,tensor([7.2300])
COc1ccccc1N1CCN(CCCCNC(=O)c2ccc(OCCOCCOCCF)cc2)CC1,tensor([7.2800])
COc1ccccc1N1CCN(CC=CCNC(=O)c2ccc(OCCF)cc2)CC1,tensor([7.2600])
O=C(NCCCCN1CCN(c2ccccc2OCCF)CC1)c1ccc(OCCOCCOCCF)cc1,tensor([7.5000])
COc1ccccc1N1CCN(CC=CCNC(=O)c2cc(I)ccc2OCCF)CC1,tensor([7.8800])
O=C(NCCCCN1CCN(c2ccccc2OCCF)CC1)c1ccc(CCF)cc1,tensor([7.6700])
O=C(NCCCCN1CCN(c2ccccc2OCCF)CC1)c1ccc(OCCF)cc1,tensor([7.8200])
COc1ccccc1N1CCN(CC=CCNC(=O)c2cc(Br)ccc2OCCF)CC1,tensor([7.8700])
COc1ccccc1N1CCN(CCCCNC(=O)c2ccc(OCCF)cc2)CC1,tensor([7.5700])
O=C(NCCCCN1CCN(c2ccccc2OCCF)CC1)c1ccc(OCCOCCF)cc1,tensor([7.8500])
COc1ccccc1N1CCN(CC=CCNC(=O)c2cc(Br)cc(OC)c2OCCF)CC1,tensor([7.2400])
CN(C)c1ccc(C(=O)NCCCCN2CCN(c3ccccc3OCCF)CC2)cc1,tensor([7.8200])
O=C(NCCCCN1CCN(c2ccccc2OCCF)CC1)c1ccc(-c2ccsc2)cc1,tensor([7.5600])
O=C(NCC=CCN1CCN(c2ccccc2OCCF)CC1)c1ccc(OCCOCCF)cc1,tensor([7.1900])
COc1ccccc1N1CCN(CCCCNC(=O)c2ccc(OCCOCCF)cc2)CC1,tensor([7.6800])
O=C(NCC=CCN1CCN(c2ccccc2OCCF)CC1)c1ccc(CCF)cc1,tensor([7.7500])
COc1ccccc1N1CCN(CC=CCNC(=O)c2cc(C)ccc2OCCF)CC1,tensor([7.7500])
O=C(CCCN1C2C3C4CC5C6C4C2C6C1(O)C53)c1ccc(F)cc1,tensor([5.7600])
COc1cc2c(cc1OC)CN(CCNC(=O)c1cc(C)ccc1OC)CC2,tensor([5.5400])
COc1ccccc1N1CCN(CCCOc2ccc3ccc(=O)[nH]c3c2)CC1,tensor([8.5900])
CN1CN(c2ccccc2)C2(CCN(CCCCOc3ccc4c(c3)NC(=O)CC4)CC2)C1=O,tensor([6.2100])
COc1ccccc1N1CCN(CCCCCOc2ccc3ccc(=O)[nH]c3c2)CC1,tensor([8.1300])
O=C1CCc2ccc(OCCCCN3CCC(n4c(=O)[nH]c5cc(Cl)ccc54)CC3)cc2N1,tensor([6.5100])
COc1ccccc1N1CCN(CCCCCOc2ccc3c(c2)NC(=O)CC3)CC1,tensor([8.1400])
COc1ccc(N2CCN(CCCCOc3ccc4c(c3)NC(=O)CC4)CC2)cc1,tensor([6.9900])
COc1ccccc1N1CCN(CCCOc2ccc3c(c2)NC(=O)CC3)CC1,tensor([8.3200])
COc1ccc(N2CCN(CCCCOc3ccc4c(c3)NC(=O)CC4)CC2)c(OC)c1,tensor([7.6000])
COc1ccccc1N1CCN(CCCCOc2ccc3ccc(=O)[nH]c3c2)CC1,tensor([9.8500])
COc1ccccc1N1CCN(CCCCOc2ccc3c(c2)NC(=O)CC3)CC1,tensor([9.6600])
O=C1CCc2ccc(OCCCCN3CCC(n4c(=O)[nH]c5ccccc54)CC3)cc2N1,tensor([6.8400])
O=C1CCc2ccc(OCCCCN3CCN(c4ccccc4OCCF)CC3)cc2N1,tensor([9.5900])
COc1cc(C)ccc1N1CCN(CCCCOc2ccc3c(c2)NC(=O)CC3)CC1,tensor([8.3400])
O=c1ccc2ccc(OCCCCN3CCN(c4ccccc4OCCF)CC3)cc2[nH]1,tensor([10.1500])
O=C1CCc2ccc(OCCCCN3CCC(O)(c4ccc(Cl)cc4)CC3)cc2N1,tensor([5.5800])
COc1ccc(C(=O)C2CCN(C3CCN(Cc4ccc(F)cc4)CC3O)CC2)cc1,tensor([5.8300])
O=C(c1ccc(F)cc1)C1CCN(C2CCN(Cc3ccc(F)cc3)CC2O)CC1,tensor([5.8700])
CN1CCc2ccccc2Cc2[nH]c3ccccc3c2CC1CO,tensor([6.5700])
CC1Cc2c([nH]c3ccccc23)Cc2ccccc2CCN1C,tensor([7.0700])
COc1cc2c(cc1O)C1Cc3c(CO)c(OC)cc(OC)c3CN1CC2,tensor([6.8300])
COc1ccc2c(c1)CC1c3cc(O)c(OC)cc3CCN1C2,tensor([6.4600])
COc1cc2c(cc1OC)C1Cc3cc(C)cc(C)c3CN1CC2,tensor([6.6500])
COc1cc2c(cc1O)C1Cc3ccc(O)c(OC)c3CN1CC2,tensor([7.2500])
COc1cc2c(cc1O)C1Cc3cc(C)cc(C)c3CN1CC2,tensor([6.7900])
CCN(CC)C1C(CO)C2CN(Cc3ccccc3)C(c3ccccn3)C21,tensor([4.9200])
OCC1C2CN(Cc3ccccc3)C(c3ccccc3)C2C1N1CCCC1,tensor([6.6000])
CC1C2C(CN1Cc1ccccc1)C(CO)C2N1CCCC1,tensor([4.8000])
CCN(CC)C1C(CO)C2CN(Cc3ccccc3)C(c3ccc(Br)cc3)C21,tensor([5.7000])
CCN(CC)C1C(CO)C2CN(Cc3ccccc3)C(C)C21,tensor([5.4100])
CCN(CC)C1C(CO)C2CN(Cc3ccccc3)C(c3ccccc3)C21,tensor([5.7700])
CCCN1CC(c2ccc(O)cc2)CC2c3cc(O)c(O)cc3CCC21,tensor([6.8000])
Oc1ccc(C2CNC3CCc4cc(O)c(O)cc4C3C2)cc1,tensor([6.3100])
Oc1ccc2c(c1O)CC(c1ccccc1)C1CCNCC21,tensor([6.6400])
CN(C)CCCN1c2ccccc2Sc2ccc(Cl)cc21,tensor([8.9200])
CC(C)c1ccccc1OCCN1CCC(NS(=O)(=O)c2cccs2)C1,tensor([7.8000])
O=S(=O)(NC1CCN(CCOc2cccc(F)c2)C1)c1cccs1,tensor([6.1400])
O=S(=O)(NC1CCN(CCOc2ccccc2-c2ccccc2)C1)c1cccs1,tensor([7.8000])
O=C(NC1CCN(CCOc2ccccc2-c2ccccc2)C1)c1ccc2ccccc2n1,tensor([7.6200])
O=S(=O)(NC1CCN(CCOc2cccc(Cl)c2Cl)C1)c1ccc(Cl)s1,tensor([7.1700])
O=S(=O)(NC1CCN(CCOc2ccccc2-c2ccccc2)C1)c1ccc(F)c(F)c1,tensor([7.6200])
CC(C)c1ccccc1OCCN1CCC(NS(=O)(=O)c2ccc(F)cc2)CC1,tensor([7.2900])
O=S(=O)(NC1CCN(CCOc2cccc3c2CCCC3)C1)c1ccc(F)cc1,tensor([7.1400])
CC(C)c1ccccc1OCCN1CCC(NC(=O)c2ccc3ccccc3n2)C1,tensor([7.1000])
O=S(=O)(NCC1CCN(CCOc2cccc(F)c2)CC1)c1cccs1,tensor([5.9700])
O=S(=O)(NC1CCN(CCOc2ccccc2-c2ccccc2)C1)c1cc(F)ccc1F,tensor([7.7500])
CSc1ccccc1OCCN1CCC(NS(=O)(=O)c2cccc(Cl)c2)C1,tensor([7.4400])
CC(C)c1ccccc1OCCN1CCC(NS(=O)(=O)c2ccc(Cl)s2)C1,tensor([7.7000])
CN1CCN(C2=Nc3cc(Cl)ccc3Nc3ccccc32)CC1,tensor([7.1400])
O=S(=O)(NC1CCN(CCOc2cccc3c2CCCC3)C1)c1cccs1,tensor([7.1400])
CSc1ccccc1OCCN1CCC(CNS(=O)(=O)c2cccc(Cl)c2)CC1,tensor([7.3000])
CC(C)c1ccccc1OCCN1CCC(CNS(=O)(=O)c2ccc(F)cc2)CC1,tensor([7.3000])
O=S(=O)(NC1CCN(CCOc2cccc3c2CCCC3)C1)c1cc(F)ccc1F,tensor([7.2200])
O=S(=O)(NC1CCN(CCOc2ccccc2-c2ccccc2)C1)c1ccc(F)cc1,tensor([8.])
CC(C)c1ccccc1OCCN1CCC(NS(=O)(=O)c2cccc3cccnc23)C1,tensor([8.])
CC(C)c1ccccc1OCCN1CCC(CNS(=O)(=O)c2cccc(Cl)c2)CC1,tensor([7.1800])
O=S(=O)(NCC1CCN(CCOc2cccc(F)c2)CC1)c1cccc(Cl)c1,tensor([6.2500])
CSc1ccccc1OCCN1CCC(NS(=O)(=O)c2ccc(F)cc2)C1,tensor([7.3900])
O=S(=O)(NC1CCN(CCOc2ccccc2)CC1)c1cccs1,tensor([7.0800])
O=S(=O)(NC1CCN(CCOc2ccccc2-c2ccccc2)CC1)c1ccc(F)c(F)c1,tensor([7.2000])
CCOc1ccccc1C(=O)NC1CCN(CCOc2cccc(F)c2)CC1,tensor([7.1200])
O=S(=O)(NCC1CCN(CCOc2ccccc2-c2ccccc2)CC1)c1ccc(Cl)s1,tensor([7.5000])
O=C(NC1CCN(CCOc2ccccc2-c2ccccc2)C1)c1cccc(F)c1F,tensor([7.8200])
O=S(=O)(NC1CCN(CCOc2cc(Cl)ccc2Cl)C1)c1ccc(Cl)s1,tensor([7.1100])
O=S(=O)(NC1CCN(CCOc2cccc(F)c2)C1)c1ccc(F)c(F)c1,tensor([6.2800])
O=S(=O)(NC1CCN(CCOc2ccccc2-c2ccccc2)C1)c1ccc(Cl)s1,tensor([8.1000])
O=S(=O)(NC1CCN(CCOc2ccccc2)C1)c1ccc(Cl)s1,tensor([6.5000])
O=S(=O)(NCC1CCN(CCOc2ccccc2-c2ccccc2)CC1)c1ccc(F)cc1,tensor([7.3400])
O=S(=O)(NC1CCN(CCOc2ccccc2)C1)c1ccc(F)cc1,tensor([7.9600])
CCCCN1CCN(c2ccccc2OC)CC1,tensor([7.6900])
COc1ccccc1N1CCN(C)CC1,tensor([6.5800])
CCC(=O)NCCCCN1CCN(c2ccccc2OC)CC1,tensor([7.0800])
CCCN1CCN(c2cccc(Cl)c2Cl)CC1,tensor([8.2800])
CCC(=O)NCCCCN1CCN(c2cccc(Cl)c2Cl)CC1,tensor([7.8100])
O=C(NCCCCN1CCN(c2cccc(Cl)c2Cl)CC1)c1cc2ccccc2[nH]1,tensor([6.9900])
Clc1cccc(N2CCNCC2)c1Cl,tensor([6.8600])
CCCCN1CCN(c2cccc(Cl)c2Cl)CC1,tensor([8.4700])
COc1ccccc1N1CCNCC1,tensor([6.1700])
COc1ccccc1N1CCN(CCCCNC(=O)c2cc3ccccc3[nH]2)CC1,tensor([7.4300])
CCCCNC(=O)c1cc2ccccc2[nH]1,tensor([4.8700])
CN1CCN(c2cccc(Cl)c2Cl)CC1,tensor([7.3400])
O=S(=O)(NCCCCN1CCN(c2cccc(Cl)c2Cl)CC1)c1cnc2ccccc2c1,tensor([8.0500])
O=S(=O)(NCCCCN1CCN(c2cccc(Cl)c2Cl)CC1)c1ccc2cccnc2c1,tensor([7.9600])
O=S(=O)(NCCCCN1CCN(c2cccc(Cl)c2Cl)CC1)c1cncc2ccccc12,tensor([8.1000])
O=S(=O)(NCCCCN1CCN(c2cccc(Cl)c2Cl)CC1)c1cc2ccccc2cn1,tensor([7.7700])
O=S(=O)(NCCCN1CCN(c2cccc(Cl)c2Cl)CC1)c1ccc2cccnc2c1,tensor([7.8000])
COc1ccc2c(c1OC)CN1CCc3cc4c(cc3C1C2)OCO4,tensor([6.9200])
COc1cc2c(cc1O)CCN1Cc3c(ccc(O)c3OC)CC21,tensor([6.9500])
COc1cc2c(cc1O)C1Cc3ccc(OC)c(O)c3CN1CC2,tensor([6.6700])
COc1c(O)ccc2c1CN1CCc3cc4c(cc3C1C2)OCO4,tensor([6.8400])
COc1cc2c(cc1O)C1Cc3ccc(OC)c(OC)c3CN1CC2,tensor([7.0400])
COc1cc2c(cc1O)C1Cc3cc4c(cc3CN1CC2)OCO4,tensor([7.5000])
CCCN1CCN(c2ccccc2S(C)(=O)=O)CC1,tensor([6.2400])
CCCN1CCN(c2ccccc2OC)CC1,tensor([7.7000])
CCCN1CCC(c2cccc(C(F)(F)F)c2)CC1,tensor([6.7500])
CCCN1CCN(c2cccc(OC)c2)CC1,tensor([6.5200])
CCCN1CCC(c2ccc(Cl)cc2)CC1,tensor([6.0500])
CCCN1CCN(c2cccc(C#N)c2)CC1,tensor([6.6000])
CCCN1CCC(c2ccccc2)CC1,tensor([6.8000])
CCCN1CCC(c2ccc(OC)cc2)CC1,tensor([4.6400])
CCCN1CCC(c2cccc(S(=O)(=O)C3CCCC3)c2)CC1,tensor([5.4200])
CCCN1CCC(c2cccc(OC)c2)CC1,tensor([5.8200])
CCCN1CCN(c2ccccc2)CC1,tensor([6.3300])
CCCN1CCC(c2ccccc2OC)CC1,tensor([7.9200])
O=C1CC(c2c[nH]c3ccccc23)C(=O)N1CCN1CCC(c2c[nH]c3ccc(F)cc23)CC1,tensor([7.1000])
O=C1CC(c2c[nH]c3ccccc23)C(=O)N1CCCCN1CCC(c2c[nH]c3ccc(F)cc23)CC1,tensor([7.8500])
COc1ccc2[nH]cc(C3CCN(CCCN4C(=O)CC(c5c[nH]c6ccccc56)C4=O)CC3)c2c1,tensor([6.4600])
COc1ccc2[nH]cc(C3CCN(CCCCN4C(=O)CC(c5c[nH]c6ccccc56)C4=O)CC3)c2c1,tensor([6.7900])
COc1ccccc1N1CCCN(CCCCNC(=O)c2ccc(Cl)cc2)CC1,tensor([6.9600])
COc1ccccc1N1CCCN(CCCCNC(=O)c2ccc(-c3ccc(F)cc3)s2)CC1,tensor([6.5500])
COc1ccccc1N1CCCN(CCCCNC(=O)c2ccc(-c3ccccc3)s2)CC1,tensor([6.9700])
COc1ccccc1N1CCCN(CCCCNC(=O)c2ccc(CCO)cc2)CC1,tensor([6.8200])
COc1ccccc1N1CCCN(CCCCNC(=O)c2cc3ccccc3s2)CC1,tensor([6.9000])
COc1ccccc1N1CCCN(CCCCNC(=O)c2ccc(CCF)cc2)CC1,tensor([6.9700])
COc1ccccc1N1CCCN(CCCCNC(=O)c2cccc(OC)c2OC)CC1,tensor([6.8200])
COc1ccccc1N1CCCN(CCCCNC(=O)c2cc3ccccc3o2)CC1,tensor([6.9000])
COc1ccccc1N1CCCN(CCCCNC(=O)c2ccc(N(C)C)cc2)CC1,tensor([6.9200])
COc1ccccc1N1CCCN(CCCCNC(=O)c2cc3ccccc3[nH]2)CC1,tensor([6.8600])
COc1ccccc1N1CCCN(CCCCNC(=O)c2ccc(F)cc2)CC1,tensor([7.0200])
COc1ccccc1N1CCCN(CCCCNC(=O)c2ccc(Cl)nc2)CC1,tensor([6.9200])
COc1ccccc1N1CCCN(CCCCNC(=O)c2ccc(-c3ccsc3)cc2)CC1,tensor([6.8900])
O=C(NCCCCN1CCN(c2cccc(Cl)c2Cl)CC1)c1ccc2c(c1)C(=O)c1ccccc1-2,tensor([7.0500])
COc1ccccc1N1CCCN(CCCCNC(=O)c2ccc(C)s2)CC1,tensor([7.2500])
C=Cc1ccc(C(=O)NCCCCN2CCCN(c3ccccc3OC)CC2)cc1,tensor([6.8900])
COc1cc(Br)cc(C(=O)NCCCCN2CCN(c3cccc(Cl)c3Cl)CC2)c1OC,tensor([7.2300])
COc1ccccc1N1CCCN(CCCCNC(=O)c2ccc(SC)cc2)CC1,tensor([7.])
COc1ccccc1N1CCCN(CCCCNC(=O)c2ccc(Br)s2)CC1,tensor([7.3600])
COc1ccccc1N1CCCN(CCCCNC(=O)c2ccc(Br)nc2)CC1,tensor([6.8400])
CNc1ccc(C(=O)NCCCCN2CCCN(c3ccccc3OC)CC2)cc1,tensor([6.7700])
COc1ccccc1N1CCCN(CCCCNC(=O)c2cccc3c2-c2ccccc2C3=O)CC1,tensor([7.])
Cc1ccc2c3c1-c1c(ccc(O)c1O)CC3N(C)CC2,tensor([7.2700])
CN1CCc2ccc(CO)c3c2C1Cc1ccc(O)c(O)c1-3,tensor([7.3700])
CN(C)c1ccc(Cc2ccc3c4c2-c2c(ccc(O)c2O)CC4N(C)CC3)cc1,tensor([7.1000])
CN1CCc2ccc(Cc3ccc(O)cc3)c3c2C1Cc1ccc(O)c(O)c1-3,tensor([7.3300])
CN1CCc2ccc(Cc3ccc(O)c4ccccc34)c3c2C1Cc1ccc(O)c(O)c1-3,tensor([6.7700])
CN1CCc2ccc(Cc3ccccc3)c3c2C1Cc1ccc(O)c(O)c1-3,tensor([7.1100])
Oc1ccc2c(c1)OC(CNCc1ccccc1)CC2,tensor([6.7300])
Oc1ccc2c(c1)OC(CNCCN1CCN(c3ccc(I)cc3)CC1)CC2,tensor([7.0200])
Oc1ccc2c(c1)OC(CNCc1cccc(I)c1)CC2,tensor([7.5400])
Oc1ccc2c(c1)OC(CNCc1ccc(OCCCCF)cc1)CC2,tensor([7.0400])
CCCN1CCOC2c3cc(O)ccc3CCC21,tensor([7.7700])
Oc1ccc2c(c1)OC(CNCc1ccc(I)cc1)CC2,tensor([7.0900])
Oc1ccc2c(c1)OC(CNCc1ccccc1I)CC2,tensor([7.0800])
Oc1ccc2c(c1)OC(CNCc1ccccc1OCCCCF)CC2,tensor([6.4500])
Oc1ccc2c(c1)OC(CNCCN1CCN(c3ccc(OCCF)cc3)CC1)CC2,tensor([6.6300])
CCCN1CCc2cccc3c2C1Cc1ccc(O)c(O)c1-3,tensor([8.3100])
COc1ccccc1N1CCN(CCCCNC(=O)c2cc3cc(O)ccc3[nH]2)CC1,tensor([7.8000])
O=C(NCC=CCN1CCN(c2ccccc2OCCF)CC1)c1cc2cc(O)ccc2[nH]1,tensor([7.4700])
COc1ccccc1N1CCN(CC=CCNC(=O)c2cc3cc(OCCOCCOCCF)ccc3[nH]2)CC1,tensor([6.8100])
COc1ccc2[nH]cc(C(=O)NCCCCN3CCN(c4ccccc4OCCF)CC3)c2c1,tensor([8.7000])
COc1ccc2[nH]c(C(=O)NCC=CCN3CCN(c4ccccc4OCCF)CC3)cc2c1,tensor([7.1800])
COc1ccccc1N1CCN(CCCCNC(=O)c2cc3cc(OCCF)ccc3[nH]2)CC1,tensor([7.6200])
COc1ccccc1N1CCN(CC=CCNC(=O)c2cc3cc(OCCOCCF)ccc3[nH]2)CC1,tensor([6.9200])
COc1ccccc1N1CCN(CCCCNC(=O)c2cc3cc(OCCOCCOCCF)ccc3[nH]2)CC1,tensor([7.3700])
COc1ccc2[nH]c(C(=O)NCC=CCN3CCN(c4ccccc4OC)CC3)cc2c1,tensor([6.9200])
COc1ccc2[nH]cc(C(=O)NCC=CCN3CCN(c4ccccc4OC)CC3)c2c1,tensor([7.9300])
O=C(NCCCCN1CCN(c2ccccc2OCCF)CC1)c1c[nH]c2ccccc12,tensor([8.2900])
COc1ccccc1N1CCN(CCCCNC(=O)c2cc3cc(OCCOCCF)ccc3[nH]2)CC1,tensor([7.6600])
COc1ccccc1N1CCN(CC=CCNC(=O)c2cc3cc(OCCF)ccc3[nH]2)CC1,tensor([7.2200])
COc1ccc2c(C(=O)NCC=CCN3CCN(c4ccccc4OCCF)CC3)c[nH]c2c1,tensor([8.2300])
COc1ccc2[nH]cc(C(=O)NCC=CCN3CCN(c4ccccc4OCCF)CC3)c2c1,tensor([8.1200])
CCN1C(=O)c2ccccc2[S+]([O-])c2ccc(C(=O)NCc3ccc(OC)cc3)cc21,tensor([6.5200])
CN1C(=O)c2ccccc2[S+]([O-])c2ccc(C(=O)NCc3ccc(Br)cc3)cc21,tensor([6.6200])
CCN1C(=O)c2ccccc2[S+]([O-])c2ccc(C(=O)NC(C)c3ccc(Br)cc3)cc21,tensor([6.2800])
Fc1ccc(CN2CCC(Nc3ccc(C(F)(F)F)nn3)CC2)cc1F,tensor([6.8000])
CN1C(=O)c2ccccc2[S+]([O-])c2ccc(C(=O)NCCN3CCCC3)cc21,tensor([6.6800])
CCN1C(=O)c2ccccc2[S+]([O-])c2ccc(C(=O)NCc3ccc(C#N)cc3)cc21,tensor([7.6400])
CN1C(=O)c2ccccc2[S+]([O-])c2ccc(C(=O)NCCc3cccs3)cc21,tensor([7.])
CCN1C(=O)c2ccccc2[S+]([O-])c2ccc(C(=O)NCc3ccc(F)cc3)cc21,tensor([7.0500])
CCN1C(=O)c2ccccc2[S+]([O-])c2ccc(C(=O)NC(C)c3ccc4ccccc4c3)cc21,tensor([6.5400])
C=CCN1CCCC1CNC(=O)c1cc(CCCSC2CC(=O)N(CCCCCC(=O)NCCOCCOCCOCCOCCOCCOCCC(=O)NC(C(=O)NC(Cc3ccccc3)C(=O)NC(Cc3ccccc3)C(=O)NC(Cc3ccc(O)cc3)C(=O)NCC(=O)NCC(=O)NC(CO)C(=O)NC(CCCNC(=N)N)C(=O)NCC(=O)NC(CCCCNC(=O)CN3CCN(CC(=O)O)CCN(CC(=O)O)CCN(CC(=O)O)CC3)C(=O)NC(CCCNC(=N)N)C(=O)NC(CC(N)=O)C(=O)NC(CC(N)=O)C(=O)NC(Cc3ccccc3)C(=O)NC(CCCCN)C(=O)NC(C(=O)NC(CCC(=O)O)C(=O)NC(CCC(=O)O)C(=O)NC(Cc3ccc(O)cc3)C(=O)O)C(C)O)C(C)O)C2=O)cc(OC)c1OC,tensor([7.4500])
C=CCN1CCCC1CNC(=O)c1cc(CCCSC2CC(=O)N(CCCCCC(=O)NCCOCCOCCOCCOCCC(=O)NC(CCCCNC(=O)ON=Cc3ccc([Si](F)(C(C)(C)C)C(C)(C)C)cc3)C(=O)NC(Cc3cnc[nH]3)C(=O)NC(C)C(=O)NC(C(=O)NC(Cc3ccc(O)cc3)C(=O)N3CCCC3C(=O)NC(CCCNC(=N)N)C(=O)NC(Cc3cnc[nH]3)C(=O)O)C(C)CC)C2=O)cc(OC)c1OC,tensor([8.2200])
C=CCN1CCCC1CNC(=O)c1cc(CCCSC2CC(=O)N(CCCCCC(=O)NCC(=O)NC(Cc3c[nH]c4ccccc34)C(=O)NC(C(=O)NC(CC(C)C)C(=O)NC(CC(=O)O)C(=O)NC(CO)C(=O)NC(C)C(=O)NCC(=O)NC(Cc3ccc(O)cc3)C(=O)NC(CC(C)C)C(=O)NC(CC(C)C)C(=O)NCC(=O)NC(CCCCN)C(=O)NC(C(=O)NC(CC(=O)O)C(=O)NC(CC(C)C)C(=O)NC(CCCCN)C(=O)NC(C)C(=O)NC(CC(C)C)C(=O)NC(C)C(=O)NC(C)C(=O)NC(CC(C)C)C(=O)NC(C)C(=O)NC(CCCCN)C(=O)NC(CCCCN)C(=O)NC(C(=O)NC(CC(C)C)C(=O)O)C(C)CC)C(C)CC)C(C)O)C2=O)cc(OC)c1OC,tensor([7.9100])
C=CCN1CCCC1CNC(=O)c1cc(CCCSC2CC(=O)N(CCCCCC(=O)NC(C(=O)NC(CCC(N)=O)C(=O)NC(CCCNC(=N)N)C(=O)NC(CCCCN)C(=O)NC(CCCNC(=N)N)C(=O)NC(CCC(N)=O)C(=O)NC(CCCCN)C(=O)NC(CC(C)C)C(=O)NC(CCSC)C(=O)N3CCCC3C(=O)O)C(C)C)C2=O)cc(OC)c1OC,tensor([7.8900])
C=CCN1CCCC1CNC(=O)c1cc(CCCSC2CC(=O)N(CCCCCC(=O)NC(CCCNC(=N)N)C(=O)NC(CCCCN)C(=O)NC(CCCCN)C(=O)NC(CCCNC(=N)N)C(=O)NC(CCCNC(=N)N)C(=O)NC(CCC(N)=O)C(=O)NC(CCCNC(=N)N)C(=O)NC(CCCNC(=N)N)C(=O)NC(CCCNC(=N)N)C(=O)O)C2=O)cc(OC)c1OC,tensor([8.0100])
C=CCN1CCCC1CNC(=O)c1cc(CCCSC2CC(=O)N(CCCCCC(=O)NCCOCCOCCOCCOCCOCCOCCOCCOCCC(=O)NC(C(=O)NC(Cc3ccccc3)C(=O)NC(Cc3ccccc3)C(=O)NC(Cc3ccc(O)cc3)C(=O)NCC(=O)NCC(=O)NC(CO)C(=O)NC(CCCNC(=N)N)C(=O)NCC(=O)NC(CCCCNC(=O)CN3CCN(CC(=O)O)CCN(CC(=O)O)CCN(CC(=O)O)CC3)C(=O)NC(CCCNC(=N)N)C(=O)NC(CC(N)=O)C(=O)NC(CC(N)=O)C(=O)NC(Cc3ccccc3)C(=O)NC(CCCCN)C(=O)NC(C(=O)NC(CCC(=O)O)C(=O)NC(CCC(=O)O)C(=O)NC(Cc3ccc(O)cc3)C(=O)O)C(C)O)C(C)O)C2=O)cc(OC)c1OC,tensor([7.3700])
C=CCN1CCCC1CNC(=O)c1cc(CCCSC2CC(=O)N(CCCCCC(=O)NCCOCCOCC(=O)NC(Cc3cnc[nH]3)C(=O)NC(C)C(=O)NC(C(=O)NC(Cc3ccc(O)cc3)C(=O)N3CCCC3C(=O)NC(CCCNC(=N)N)C(=O)NC(Cc3cnc[nH]3)C(=O)O)C(C)CC)C2=O)cc(OC)c1OC,tensor([7.5200])
C=CCN1CCCC1CNC(=O)c1cc(CCCSC2CC(=O)N(CCCCCC(=O)NCCCC(=O)NC(Cc3cnc[nH]3)C(=O)NC(C)C(=O)NC(C(=O)NC(Cc3ccc(O)cc3)C(=O)N3CCCC3C(=O)NC(CCCNC(=N)N)C(=O)NC(Cc3cnc[nH]3)C(=O)O)C(C)CC)C2=O)cc(OC)c1OC,tensor([7.5500])
C=CCN1CCCC1CNC(=O)c1cc(CCCSC2CC(=O)N(CCCCCC(=O)NC(C(=O)NC(Cc3cnc[nH]3)C(=O)NC(CCCNC(=N)N)C(=O)N3CCCC3C(=O)N3CCCC3C(=O)NC(CCSC)C(=O)NC(Cc3c[nH]c4ccccc34)C(=O)NC(CO)C(=O)N3CCCC3C(=O)NC(C(=O)NC(Cc3c[nH]c4ccccc34)C(=O)N3CCCC3C(=O)O)C(C)C)C(C)O)C2=O)cc(OC)c1OC,tensor([7.5600])
C=CCN1CCCC1CNC(=O)c1cc(CCCSC2CC(=O)N(CCCCCC(=O)NCCOCCOCCOCCOCCOCCOCCC(=O)NC(Cc3cnc[nH]3)C(=O)NC(C)C(=O)NC(C(=O)NC(Cc3ccc(O)cc3)C(=O)N3CCCC3C(=O)NC(CCCNC(=N)N)C(=O)NC(Cc3cnc[nH]3)C(=O)O)C(C)CC)C2=O)cc(OC)c1OC,tensor([7.5600])
C=CCN1CCCC1CNC(=O)c1cc(CCCSC2CC(=O)N(CCCCCC(=O)NC(C(=O)NC(Cc3ccccc3)C(=O)NC(Cc3ccccc3)C(=O)NC(Cc3ccc(O)cc3)C(=O)NCC(=O)NCC(=O)NC(CO)C(=O)NC(CCCNC(=N)N)C(=O)NCC(=O)NC(CCCCNC(=O)CN3CCN(CC(=O)O)CCN(CC(=O)O)CCN(CC(=O)O)CC3)C(=O)NC(CCCNC(=N)N)C(=O)NC(CC(N)=O)C(=O)NC(CC(N)=O)C(=O)NC(Cc3ccccc3)C(=O)NC(CCCCN)C(=O)NC(C(=O)NC(CCC(=O)O)C(=O)NC(CCC(=O)O)C(=O)NC(Cc3ccc(O)cc3)C(=O)O)C(C)O)C(C)O)C2=O)cc(OC)c1OC,tensor([8.1000])
C=CCN1CCCC1CNC(=O)c1cc(CCCSC2CC(=O)N(CCCCCC(=O)NC(CCCNC(=N)N)C(=O)NC(CCC(N)=O)C(=O)NC(C(=O)NC(CCCCN)C(=O)NC(C(=O)NC(Cc3c[nH]c4ccccc34)C(=O)NC(Cc3ccccc3)C(=O)NC(CCC(N)=O)C(=O)NC(CC(N)=O)C(=O)NC(CCCNC(=N)N)C(=O)NC(CCCNC(=N)N)C(=O)NC(CCSC)C(=O)NC(CCCCN)C(=O)NC(Cc3c[nH]c4ccccc34)C(=O)NC(CCCCN)C(=O)NC(CCCCN)C(=O)O)C(C)CC)C(C)CC)C2=O)cc(OC)c1OC,tensor([8.0900])
C=CCN1CCCC1CNC(=O)c1cc(CCCSC2CC(=O)N(CCCCCC(=O)NCCOCCOCCOCCOCCC(=O)NC(C(=O)NC(Cc3ccccc3)C(=O)NC(Cc3ccccc3)C(=O)NC(Cc3ccc(O)cc3)C(=O)NCC(=O)NCC(=O)NC(CO)C(=O)NC(CCCNC(=N)N)C(=O)NCC(=O)NC(CCCCNC(=O)CN3CCN(CC(=O)O)CCN(CC(=O)O)CCN(CC(=O)O)CC3)C(=O)NC(CCCNC(=N)N)C(=O)NC(CC(N)=O)C(=O)NC(CC(N)=O)C(=O)NC(Cc3ccccc3)C(=O)NC(CCCCN)C(=O)NC(C(=O)NC(CCC(=O)O)C(=O)NC(CCC(=O)O)C(=O)NC(Cc3ccc(O)cc3)C(=O)O)C(C)O)C(C)O)C2=O)cc(OC)c1OC,tensor([7.5800])
C=CCN1CCCC1CNC(=O)c1cc(CCCSC2CC(=O)N(CCCCCC(=O)NCCCOCCOCCOCCC(=O)NC(Cc3cnc[nH]3)C(=O)NC(C)C(=O)NC(C(=O)NC(Cc3ccc(O)cc3)C(=O)N3CCCC3C(=O)NC(CCCNC(=N)N)C(=O)NC(Cc3cnc[nH]3)C(=O)O)C(C)CC)C2=O)cc(OC)c1OC,tensor([7.6200])
C=CCN1CCCC1CNC(=O)c1cc(CCCSC2CC(=O)N(CCCCCC(=O)NC(Cc3cnc[nH]3)C(=O)NC(C)C(=O)NC(C(=O)NC(Cc3ccc(O)cc3)C(=O)N3CCCC3C(=O)NC(CCCNC(=N)N)C(=O)NC(Cc3cnc[nH]3)C(=O)O)C(C)CC)C2=O)cc(OC)c1OC,tensor([7.9900])
C=CCN1CCCC1CNC(=O)c1cc(CCCSC2CC(=O)N(CCCCCC(=O)NCCOCCOCCOCCOCCC(N)=O)C2=O)cc(OC)c1OC,tensor([8.1400])
C=CCN1CCCC1CNC(=O)c1cc(CCCSC2CC(=O)N(CCCCCC(=O)NCCOCCOCCOCCOCCOCCOCCOCCOCCOCCOCCOCCOCCC(=O)NC(Cc3cnc[nH]3)C(=O)NC(C)C(=O)NC(C(=O)NC(Cc3ccc(O)cc3)C(=O)N3CCCC3C(=O)NC(CCCNC(=N)N)C(=O)NC(Cc3cnc[nH]3)C(=O)O)C(C)CC)C2=O)cc(OC)c1OC,tensor([7.6000])
C=CCN1CCCC1CNC(=O)c1cc(CCCSC2CC(=O)N(CCCCCC(=O)NCCOCCOCCOCCOCCOCCOCCOCCOCCOCCOCCC(=O)NC(C(=O)NC(Cc3ccccc3)C(=O)NC(Cc3ccccc3)C(=O)NC(Cc3ccc(O)cc3)C(=O)NCC(=O)NCC(=O)NC(CO)C(=O)NC(CCCNC(=N)N)C(=O)NCC(=O)NC(CCCCNC(=O)CN3CCN(CC(=O)O)CCN(CC(=O)O)CCN(CC(=O)O)CC3)C(=O)NC(CCCNC(=N)N)C(=O)NC(CC(N)=O)C(=O)NC(CC(N)=O)C(=O)NC(Cc3ccccc3)C(=O)NC(CCCCN)C(=O)NC(C(=O)NC(CCC(=O)O)C(=O)NC(CCC(=O)O)C(=O)NC(Cc3ccc(O)cc3)C(=O)O)C(C)O)C(C)O)C2=O)cc(OC)c1OC,tensor([7.3500])
C=CCN1CCCC1CNC(=O)c1cccc(CCCF)c1,tensor([9.2000])
CCN1CCCC1CNC(=O)c1c(O)c(Cl)cc(Cl)c1OC,tensor([8.9200])
C=CCN1CCCC1CNC(=O)c1cc(CCCSC2CC(=O)N(CCCCCC(=O)NCCOCCOCCOCCOCCC(=O)NC(Cc3cnc[nH]3)C(=O)NC(C)C(=O)NC(C(=O)NC(Cc3ccc(O)cc3)C(=O)N3CCCC3C(=O)NC(CCCNC(=N)N)C(=O)NC(Cc3cnc[nH]3)C(=O)O)C(C)CC)C2=O)cc(OC)c1OC,tensor([8.8300])
C=CCN1CCCC1CNC(=O)c1cc(CCCSC2CC(=O)N(CCCCCC(=O)NCCOCCOCCOCCOCCOCCOCCOCCOCCC(=O)NC(Cc3cnc[nH]3)C(=O)NC(C)C(=O)NC(C(=O)NC(Cc3ccc(O)cc3)C(=O)N3CCCC3C(=O)NC(CCCNC(=N)N)C(=O)NC(Cc3cnc[nH]3)C(=O)O)C(C)CC)C2=O)cc(OC)c1OC,tensor([7.2700])
CC(C)(C)C1(O)CCN2CC3c4ccccc4CCc4cccc(c43)C2C1,tensor([9.4300])
C=CCN1CCCC1CNC(=O)c1cc(CCCSC2CC(=O)N(CCCCCC(=O)NCCOCCOCCOCCOCCC(=O)NC(CCCCNC(=O)CN3CCN(CC(=O)O)CCN(CC(=O)O)CCN(CC(=O)O)CC3)C(=O)NC(Cc3cnc[nH]3)C(=O)NC(C)C(=O)NC(C(=O)NC(Cc3ccc(O)cc3)C(=O)N3CCCC3C(=O)NC(CCCNC(=N)N)C(=O)NC(Cc3cnc[nH]3)C(=O)O)C(C)CC)C2=O)cc(OC)c1OC,tensor([7.2800])
C=CCN1CCCC1CNC(=O)c1cc(CCCSC2CC(=O)N(CCCCCC(=O)NC(C(=O)NC(Cc3ccccc3)C(=O)NC(Cc3ccccc3)C(=O)NC(Cc3ccc(O)cc3)C(=O)NCC(=O)NCC(=O)NC(CO)C(=O)NC(CCCNC(=N)N)C(=O)NCC(=O)NC(CCCCNC(=O)CN3CCN(CC(=O)O)CCN(CC(=O)O)CCN(CC(=O)O)CC3)C(=O)NC(CCCNC(=N)N)C(=O)NC(CC(N)=O)C(=O)NC(CC(N)=O)C(=O)NC(Cc3ccccc3)C(=O)NC(CCCC[n+]3c(C)cc(C=CC=Cc4ccc(N(C)C)cc4)cc3C)C(=O)NC(C(=O)NC(CCC(=O)O)C(=O)NC(CCC(=O)O)C(=O)NC(Cc3ccc(O)cc3)C(=O)O)C(C)O)C(C)O)C2=O)cc(OC)c1OC,tensor([7.1900])
C=CCN1CCCC1CNC(=O)c1cc(CCCF)cc(OC)c1OC,tensor([10.0100])
CCc1cc(Cl)c(OC)c(C(=O)NCC2CCCN2CC)c1O,tensor([10.0700])
CCCN(CCC1(O)CC(NC(=O)c2ccc3ccccc3c2)C1)C1CC1c1ccc(Cl)cc1,tensor([6.2100])
CCCN(CCC1(O)CC(NC(=O)c2ccc3ccccc3c2)C1)C1CC1c1cccc(Cl)c1,tensor([5.9100])
CCCN(CCC1(O)CC(NC(=O)c2ccc3ccccc3c2)C1)C1CC1c1ccccc1Cl,tensor([6.0400])
O=C(NCCC(O)CN1CCN(c2cccc(Cl)c2Cl)CC1)c1cc2ccccc2[nH]1,tensor([6.1300])
CN1CN(c2ccccc2)C2(CCN(CCCC(=O)c3ccc(F)cc3)CC2)C1=O,tensor([9.8800])
O=C(NCCC(CF)N1CCN(c2cccc(Cl)c2Cl)CC1)c1cc2ccccc2o1,tensor([5.1300])
O=S(=O)(NCCCCN1CCC(c2noc3cc(F)ccc23)CC1)c1cc2ccccc2s1,tensor([8.7400])
COc1ccccc1N1CCN(CCCCCc2cn(-c3ccc(-c4ccsc4)cc3)nn2)CC1,tensor([6.9600])
COc1ccccc1N1CCN(CCCCCc2cn(-c3ccc(SC)cc3)nn2)CC1,tensor([7.5800])
COc1ccccc1N1CCN(CCCCc2cn(-c3ccc(-c4ccsc4)cc3)nn2)CC1,tensor([7.0300])
COc1ccccc1N1CCN(CCCCc2cn(-c3ccccc3O)nn2)CC1,tensor([8.0300])
COc1ccccc1N1CCN(CCCCc2cn(-c3ccccc3OC)nn2)CC1,tensor([6.8600])
COc1ccccc1N1CCN(CCCc2cn(-c3ccc(F)cc3)nn2)CC1,tensor([7.1300])
COc1ccccc1N1CCN(CCCCCc2cn(-c3ccc(F)cc3)nn2)CC1,tensor([7.6200])
COc1ccccc1N1CCN(CCCCc2cn(-c3ccccc3)nn2)CC1,tensor([7.5100])
COc1ccccc1N1CCN(CCCCCc2cn(-c3cccc4cnccc34)nn2)CC1,tensor([7.7500])
COc1ccccc1N1CCN(CCCCc2cn(-c3ccc(SC)cc3)nn2)CC1,tensor([7.4200])
COc1ccccc1N1CCN(CCCc2cn(-c3ccccc3)nn2)CC1,tensor([7.1900])
COc1ccccc1N1CCN(CCCc2cn(-c3ccc(SC)cc3)nn2)CC1,tensor([7.3600])
COc1ccccc1N1CCN(CCCCCc2cn(-c3ccccc3)nn2)CC1,tensor([7.7100])
COc1ccccc1N1CCN(CCCCc2cn(-c3ccc(F)cc3)nn2)CC1,tensor([7.3300])
COc1ccccc1N1CCN(CCCCc2cn(-c3ccc(N(C)C)cc3)nn2)CC1,tensor([6.7700])
COc1ccccc1N1CCN(CCCc2cn(-c3ccc(-c4ccsc4)cc3)nn2)CC1,tensor([6.8000])
COc1ccccc1N1CCN(CCCCc2cn(-c3cccc4cnccc34)nn2)CC1,tensor([7.3700])
COc1ccccc1N1CCN(CCCc2cn(-c3ccccc3O)nn2)CC1,tensor([7.8900])
COc1ccccc1N1CCN(CCCc2cn(-c3ccc(N(C)C)cc3)nn2)CC1,tensor([6.7900])
COc1ccccc1N1CCN(CCCCCc2cn(-c3ccccc3OC)nn2)CC1,tensor([7.2000])
COc1ccccc1N1CCN(CCCCCc2cn(-c3ccc(N(C)C)cc3)nn2)CC1,tensor([7.2000])
COc1ccccc1N1CCN(CCCc2cn(-c3cccc4cnccc34)nn2)CC1,tensor([7.1000])
COc1ccccc1N1CCN(CCCc2cn(-c3ccccc3OC)nn2)CC1,tensor([6.5700])
CC(C)(C)c1nc(N2CCN(CCCCNC(=O)C3CCN(Cc4ccccc4)CC3)CC2)cc(C(F)(F)F)n1,tensor([6.4700])
CC(C)(C)c1nc(N2CCN(CCCCNC(=O)c3nc4ccccc4[nH]3)CC2)cc(C(F)(F)F)n1,tensor([6.4700])
CC(C)(C)c1nc(N2CCN(CCCCNC(=O)c3cn4cccnc4n3)CC2)cc(C(F)(F)F)n1,tensor([6.3600])
CC(C)(C)c1nc(C2CC2)cc(N2CCN(CCCCNC(=O)c3cn4ccccc4n3)CC2)n1,tensor([6.7200])
Cc1nc(N2CCN(CCCCNC(=O)c3cn4ccccc4n3)CC2)cc(C(F)(F)F)n1,tensor([4.6000])
N#Cc1cc(N2CCN(CCCCNC(=O)c3cn4ccccc4n3)CC2)cc(C(F)(F)F)c1,tensor([6.7200])
CC(C)(C)c1cc(N2CCN(CCCCNC(=O)c3cn4ccccc4n3)CC2)nc(C(C)(C)C)n1,tensor([6.4400])
Cc1cc(N2CCN(CCCCNC(=O)c3cn4ccccc4n3)CC2)nc(C(C)(C)C)n1,tensor([6.4400])
O=C(NCCCCN1CCN(c2cc(C(F)(F)F)nc3ccccc23)CC1)c1cn2ccccc2n1,tensor([4.8700])
COc1ccccc1N1CCN(CCCCNC(=O)c2cn3ccccc3n2)CC1,tensor([7.7200])
CC(C)(C)c1nc(N2CCN(CCCCNC(=O)c3cn4ccncc4n3)CC2)cc(C(F)(F)F)n1,tensor([6.3500])
O=C(NCCCCN1CCN(c2ccccc2)CC1)c1cn2ccccc2n1,tensor([6.7500])
O=C(NCCCCN1CCN(c2ccnc3ccccc23)CC1)c1cn2ccccc2n1,tensor([6.2400])
O=C(NCCCCN1CCN(c2ncnc3ccccc23)CC1)c1cn2ccccc2n1,tensor([5.9500])
O=C(NCCCCN1CCN(c2ccnc3cc(C(F)(F)F)ccc23)CC1)c1cn2ccccc2n1,tensor([5.3000])
CC(C)(C)c1nc(N2CCN(CCCCNC(=O)c3cn4nc(Cl)ccc4n3)CC2)cc(C(F)(F)F)n1,tensor([6.1800])
CC(C)(C)c1nc(N2CCN(CCCCNC(=O)c3cc4cccnc4s3)CC2)cc(C(F)(F)F)n1,tensor([6.1700])
CN(C)Cc1cccc2nc(C(=O)NCCCCN3CCN(c4cc(C(F)(F)F)nc(C(C)(C)C)n4)CC3)cn12,tensor([6.5300])
O=C(NCCCCN1CCN(c2cccc(Cl)c2Cl)CC1)c1cn2ccccc2n1,tensor([7.9200])
CN(C)Cc1c(C(=O)NCCCCN2CCN(c3cc(C(F)(F)F)nc(C(C)(C)C)n3)CC2)nc2ccccn12,tensor([6.5200])
CC(C)(C)c1cc(N2CCN(CCCCNC(=O)c3cn4ccccc4n3)CC2)cc(C(C)(C)C)c1,tensor([5.8800])
CC(C)(C)c1nc(N2CCN(CCCCNC(=O)C3CCN(c4ccccc4)CC3)CC2)cc(C(F)(F)F)n1,tensor([6.0900])
O=C(NCCCCN1CCN(c2ccnc3cc(Cl)ccc23)CC1)c1cn2ccccc2n1,tensor([5.7200])
CN(C)Cc1c(C(=O)NCCCCN2CCN(c3cc(C(F)(F)F)nc(C(C)(C)C)n3)CC2)[nH]c2ccccc12,tensor([6.2800])
CC(C)(C)c1nc(N2CCN(CCCCNC(=O)C3CCC(c4ccccc4)CC3)CC2)cc(C(F)(F)F)n1,tensor([5.8200])
CC(C)(C)c1nc(N2CCN(CCCCNC(=O)c3cn4ccccc4n3)CC2)c2ccccc2n1,tensor([5.8400])
Cc1cc(N2CCN(CCCCNC(=O)c3cn4ccccc4n3)CC2)nc(C(F)(F)F)n1,tensor([5.4400])
CC(C)(C)c1nc(N2CCN(CCCCNC(=O)c3sc4ncccc4c3N)CC2)cc(C(F)(F)F)n1,tensor([6.3200])
O=C(NCCCCN1CCN(c2cccc(C(F)(F)F)c2)CC1)c1cn2ccccc2n1,tensor([6.7900])
CC(C)(C)c1nc(N2CCN(CCCCNC(=O)c3cn4c(CO)cccc4n3)CC2)cc(C(F)(F)F)n1,tensor([6.0300])
O=C(NCCCCN1CCN(c2ccc3ccccc3n2)CC1)c1cn2ccccc2n1,tensor([5.8100])
Cc1nc(N2CCN(CCCCNC(=O)c3cn4ccccc4n3)CC2)cc(C(C)(C)C)n1,tensor([5.3400])
CC(C)(C)c1nc(N2CCN(CCCCNC(=O)c3cn4ccccc4n3)CC2)cc(C(F)(F)F)n1,tensor([6.2900])
NC(=O)c1ccccc1OCCCN1CCN(c2cccc3c2ccn3S(=O)(=O)c2ccccc2)CC1,tensor([8.2000])
COc1ccccc1N1CCN(CCCCn2cc(-c3ccc4ccccc4c3)nn2)CC1,tensor([7.6300])
Clc1cccc(N2CCN(CCCCc3cn(-c4ccc5[nH]ccc5c4)nn3)CC2)c1Cl,tensor([7.3300])
O=C(NCCC(O)CN1CCN(c2cccc(Cl)c2Cl)CC1)c1ccc2c(c1)-c1ccccc1C2,tensor([7.2600])
COc1ccccc1N1CCN(CCCCn2cc(-c3ccccc3)nn2)CC1,tensor([6.8600])
OC(CCn1cc(-c2ccc3[nH]ccc3c2)nn1)CN1CCN(c2cccc(Cl)c2Cl)CC1,tensor([6.0200])
COc1ccccc1N1CCN(CCCCc2cn(-c3ccc4[nH]ccc4c3)nn2)CC1,tensor([7.2900])
O=C(NCCC(O)CN1CCN(c2cccc(Cl)c2Cl)CC1)c1cnc2ccccc2c1,tensor([6.4900])
Clc1cccc(N2CCN(CCCCn3cc(-c4ccc5ccccc5c4)nn3)CC2)c1Cl,tensor([6.9900])
COc1ccccc1N1CCN(CCCCn2cc(-c3ccc4[nH]ccc4c3)nn2)CC1,tensor([7.3600])
OC(CCn1cc(-c2ccc3ncccc3c2)nn1)CN1CCN(c2cccc(Cl)c2Cl)CC1,tensor([6.6100])
COc1ccccc1-c1cn(CCC(O)CN2CCN(c3ccccc3OC)CC2)nn1,tensor([5.9900])
Clc1cccc(N2CCN(CCCCn3cc(-c4ccc5[nH]ccc5c4)nn3)CC2)c1Cl,tensor([7.2500])
COc1ccccc1N1CCN(CCCCn2cc(-c3ccc4ncccc4c3)nn2)CC1,tensor([7.3700])
COc1ccccc1N1CCN(CCCCc2cn(-c3ccc4ccccc4c3)nn2)CC1,tensor([7.5000])
COc1ccccc1N1CCN(CC(O)CCn2cc(-c3ccc4ncccc4c3)nn2)CC1,tensor([6.3700])
Clc1cccc(N2CCN(CCCCc3cn(-c4ccc5ccccc5c4)nn3)CC2)c1Cl,tensor([7.0900])
COc1ccccc1N1CCN(CC(O)CCn2cc(-c3ccc(-c4ccccc4)cc3)nn2)CC1,tensor([6.0900])
COc1ccccc1N1CCN(CC(O)CCn2cc(-c3ccccc3)nn2)CC1,tensor([5.9200])
Clc1cccc(N2CCN(CCCCn3cc(-c4ccc5ncccc5c4)nn3)CC2)c1Cl,tensor([7.2700])
COc1ccccc1N1CCN(CCCCc2cn(-c3ccc4cnccc4c3)nn2)CC1,tensor([7.0800])
COc1ccccc1N1CCN(CC(O)CCn2cc(-c3ccc4ccccc4c3)nn2)CC1,tensor([6.7200])
OC(CCn1cc(-c2ccc(-c3ccccc3)cc2)nn1)CN1CCN(c2cccc(Cl)c2Cl)CC1,tensor([4.8200])
COc1ccccc1N1CCN(CCCCn2cc(-c3ccc4c(c3)Cc3ccccc3-4)nn2)CC1,tensor([7.3000])
Clc1cccc(N2CCN(CCCCc3cn(-c4ccc5c(c4)Cc4ccccc4-5)nn3)CC2)c1Cl,tensor([6.3700])
COc1ccccc1N1CCN(CCCCn2cc(-c3ccc(-c4ccccc4)cc3)nn2)CC1,tensor([7.1600])
COc1ccccc1N1CCN(CC(O)CCn2cc(-c3ccc4c(c3)Cc3ccccc3-4)nn2)CC1,tensor([6.2200])
COc1ccccc1N1CCN(CC(O)CCn2cc(-c3ccc4[nH]ccc4c3)nn2)CC1,tensor([6.1000])
OC(CCn1cc(-c2ccc3ccccc3c2)nn1)CN1CCN(c2cccc(Cl)c2Cl)CC1,tensor([4.7300])
Clc1cccc(N2CCN(CCCCn3cc(-c4ccc5c(c4)Cc4ccccc4-5)nn3)CC2)c1Cl,tensor([6.0500])
COc1ccccc1N1CCN(CCCCc2cn(-c3ccc4c(c3)Cc3ccccc3-4)nn2)CC1,tensor([7.2400])
Clc1cccc(N2CCN(CCCCn3cc(-c4ccc(-c5ccccc5)cc4)nn3)CC2)c1Cl,tensor([5.5900])
Cc1ncoc1-c1nnc(SCCCN2CC3CC3(c3ccc(C(F)(F)F)cc3F)C2)n1C,tensor([5.6800])
COc1ccc2[nH]c(C(=O)NCCC(O)CN3CCN(c4cccc(Cl)c4Cl)CC3)cc2c1,tensor([6.6600])
Cc1ccc(Cl)c(N2CCN(CCCCNC(=O)c3ccc4oc(=O)[nH]c4c3)CC2)c1,tensor([7.3300])
COc1c(Cl)cccc1N1CCN(CC(O)CCNC(=O)c2cnc3ccccc3c2)CC1,tensor([6.0500])
COc1ccccc1N1CCN(CCCCNC(=O)c2cnc3ccc(F)cc3c2)CC1,tensor([7.4700])
COc1ccccc1N1CCN(CC(O)CCNC(=O)c2cnc3ccccc3c2)CC1,tensor([6.0400])
COc1c(Cl)cccc1N1CCN(CCCCNC(=O)c2cc3ccccc3[nH]2)CC1,tensor([7.2800])
O=C(NCCCCN1CCN(c2cccc3ccccc23)CC1)c1cc2ccccc2s1,tensor([8.0800])
O=C(NCCCCN1CCN(c2cccc(Cl)c2Cl)CC1)c1cc2cc(F)ccc2[nH]1,tensor([7.4300])
COc1c(Cl)cccc1N1CCN(CCCCNC(=O)c2cc3ccccc3o2)CC1,tensor([7.1400])
COc1ccccc1N1CCN(CCCCNC(=O)c2ccc3cc(F)ccc3n2)CC1,tensor([7.1700])
COc1ccc2ncc(C(=O)NCCC(O)CN3CCN(c4ccccc4OC)CC3)cc2c1,tensor([6.1100])
COc1ccccc1N1CCN(CC(O)CCNC(=O)c2cnc3ccc(F)cc3c2)CC1,tensor([6.1700])
COc1c(Cl)cccc1N1CCN(CCCCNC(=O)c2cnc3ccccc3c2)CC1,tensor([7.3700])
O=C(NCCCCN1CCN(c2cccc3ccccc23)CC1)c1cc2ccccc2[nH]1,tensor([7.8900])
COc1ccccc1N1CCN(CC(O)CCNC(=O)c2cnc3ccc(C)cc3c2)CC1,tensor([6.1500])
COc1ccccc1N1CCN(CC(O)CCNC(=O)c2ccc3ccccc3n2)CC1,tensor([6.0300])
COc1ccccc1N1CCN(CC(O)CCNC(=O)c2ccc3cc(F)ccc3n2)CC1,tensor([6.])
O=C(NCCC(O)CN1CCN(c2cccc3ccccc23)CC1)c1cnc2ccccc2c1,tensor([6.5900])
COc1ccccc1N1CCN(CC(O)CCNC(=O)c2ccc3cccnc3c2)CC1,tensor([5.9900])
O=C(NCCCCN1CCN(c2cccc(Cl)c2Cl)CC1)c1cnc2ccc(F)cc2c1,tensor([7.4100])
COc1ccccc1N1CCN(CCCCNC(=O)c2ccc3ccccc3n2)CC1,tensor([7.1700])
O=C(NCCCCN1CCN(c2cccc3ccccc23)CC1)c1cc2ccccc2o1,tensor([7.8300])
O=C(NCCC(O)CN1CCN(c2cccc(Cl)c2Cl)CC1)c1cc2cc(F)ccc2[nH]1,tensor([6.4800])
O=C(NCCCCN1CCN(c2cccc3ccccc23)CC1)c1cnc2ccccc2c1,tensor([7.8000])
COc1ccc2[nH]c(C(=O)NCCCCN3CCN(c4cccc5ccccc45)CC3)cc2c1,tensor([7.8600])
O=C(NCCC(O)CN1CCN(c2cccc(Cl)c2Cl)CC1)c1cnc2ccc(F)cc2c1,tensor([6.0800])
O=C(CCCCN1CCN(c2ccccc2F)CC1)Nc1nc2ccccc2s1,tensor([6.7600])
O=C(CCCCN1CCN(c2ccc(Cl)cc2Cl)CC1)Nc1nc2ccccc2s1,tensor([5.2500])
COc1ccc2nc(NC(=O)CCCCN3CCN(c4ccc(Cl)cc4)CC3)sc2c1,tensor([6.7100])
Clc1ccc(N2CCN(CCCCNc3noc(-c4ccccc4)n3)CC2)cc1,tensor([4.1000])
Clc1ccc(N2CCN(CCCCNc3noc(-c4ccccc4)n3)CC2)c(Cl)c1,tensor([5.8900])
CC(C)c1ccccc1OCCN1CCC(NS(=O)(=O)c2cnn(C)c2)CC1,tensor([6.8500])
CC(C)c1ccccc1OCCN1CCC(NS(=O)(=O)c2cc(F)ccc2F)CC1,tensor([6.8300])
CC(C)c1ccccc1OCCN1CCC(NS(=O)(=O)c2ccccc2F)CC1,tensor([7.2900])
CC(C)c1ccccc1OCCN1CCC(NS(=O)(=O)c2cccc3ncccc23)CC1,tensor([6.9800])
O=S(=O)(NC1CCN(CCOc2ccccc2-c2ccccc2)CC1)c1cccc(Cl)c1,tensor([7.0700])
CC(C)c1ccccc1OCCN1CCC(NS(=O)(=O)c2cccc(F)c2)CC1,tensor([6.9900])
CN(C1CCN(CCOc2ccccc2C(C)(C)C)CC1)S(=O)(=O)c1ccccc1,tensor([6.4400])
CC(C)c1ccccc1OCCN1CCC(N(CC2CC2)S(=O)(=O)c2cnn(C)c2)CC1,tensor([7.7500])
O=S(=O)(c1ccc(F)cc1)N(CC1CC1)C1CCN(CCOc2ccccc2-c2ccccc2)CC1,tensor([7.4300])
CC(C)c1ccccc1OCCN1CCC(N(CC2CC2)S(=O)(=O)c2ccc(F)cc2)CC1,tensor([7.7000])
Cn1cc(S(=O)(=O)N(CC2CC2)C2CCN(CCOc3ccccc3-c3ccccc3)CC2)cn1,tensor([7.8000])
Cn1cc(S(=O)(=O)N(CC2CC2)C2CCN(CCOc3ccccc3C(C)(C)C)CC2)cn1,tensor([6.6400])
CC(C)c1ccccc1OCCN1CCC(N(C)S(=O)(=O)c2ccccc2)CC1,tensor([7.2200])
CN(C1CCN(CCOc2ccccc2-c2ccccc2)CC1)S(=O)(=O)c1ccc(F)cc1,tensor([7.2700])
CN(C1CCN(CCOc2ccccc2-c2ccccc2)CC1)S(=O)(=O)c1ccccc1,tensor([7.2800])
CN(C1CCN(CCOc2ccccc2C(C)(C)C)CC1)S(=O)(=O)c1cnn(C)c1,tensor([6.5500])
CC(C)c1ccccc1OCCN1CCC(N(C)S(=O)(=O)c2cccc(F)c2)CC1,tensor([7.3500])
CN(C1CCN(CCOc2ccccc2C(C)(C)C)CC1)S(=O)(=O)c1ccc(F)cc1,tensor([6.4900])
CC(C)c1ccccc1OCCN1CCC(N(CC2CC2)S(=O)(=O)c2cccc(F)c2)CC1,tensor([7.8200])
CC(C)c1ccccc1OCCN1CCC(N(C)S(=O)(=O)c2ccc(F)cc2)CC1,tensor([7.3000])
CN(C1CCN(CCOc2ccccc2C(C)(C)C)CC1)S(=O)(=O)c1cccc(F)c1,tensor([6.5400])
CC(C)c1ccccc1OCCN1CCC(N(C)S(=O)(=O)c2cnn(C)c2)CC1,tensor([7.3400])
CC(C)(C)c1ccccc1OCCN1CCC(N(CC2CC2)S(=O)(=O)c2ccc(F)cc2)CC1,tensor([6.8000])
CC(C)c1cccc(OCCN2C3CCC2CC(NS(=O)(=O)c2cccc(F)c2)C3)c1,tensor([6.7000])
O=S(=O)(NC1CC2CCC(C1)N2CCOc1cccc(-c2ccccc2)c1)c1cccc(Cl)c1,tensor([7.0300])
O=S(=O)(NC1CCN(CCOc2ccccc2C2CCCC2)CC1)c1cccc(F)c1,tensor([6.4900])
CC(C)c1cccc(OCCN2C3CCC2CC(NS(=O)(=O)c2ccc(F)cc2)C3)c1,tensor([7.2200])
O=C(NCCCCN1CCN(c2cccc(Cl)c2Cl)CC1)c1ccc2ccccc2c1,tensor([5.9400])
COc1ccccc1N1CCN(CCCCNC(=O)CC2CCCCC2)CC1,tensor([6.4900])
O=C(NCCCCN1CCN(c2ccc(Cl)cc2)CC1)c1ccc2ccccc2c1,tensor([4.9200])
Cc1ccccc1N1CCN(CCCCNC(=O)c2ccc3ccccc3c2)CC1,tensor([6.3900])
COc1ccccc1N1CCN(CCCCNC(=O)Nc2cccc(Cl)c2)CC1,tensor([7.8900])
O=C(NCCCCN1CCN(c2ccccc2Cl)CC1)c1ccc2ccccc2c1,tensor([6.6200])
COc1ccccc1N1CCN(CCCCCOc2ccc3ccccc3c2)CC1,tensor([7.4700])
O=C(NCCCCN1CCN(c2ccccc2O)CC1)c1ccc2ccccc2c1,tensor([5.3000])
O=C(NCCCCN1CCN(c2cccc(Cl)c2)CC1)c1ccc2ccccc2c1,tensor([5.4800])
O=C(NCCCCN1CCN(c2cccc(C(F)(F)F)c2)CC1)c1ccc2ccccc2c1,tensor([5.8100])
CS(=O)(=O)Nc1cccc(N2CCN(CCCCNC(=O)c3ccc4ccccc4c3)CC2)c1,tensor([7.2600])
COc1ccccc1N1CCN(CCCCNC(=O)N(C)c2ccccc2)CC1,tensor([5.8100])
O=C(NCCCCN1CCN(c2cccc(O)c2)CC1)c1ccc2ccccc2c1,tensor([6.4300])
O=C(NCCCCN1CCN(c2cccc3[nH]c(=O)[nH]c23)CC1)c1ccc2ccccc2c1,tensor([6.8800])
CCOC(=O)Nc1cccc(N2CCN(CCCCNC(=O)c3ccc4ccccc4c3)CC2)c1,tensor([6.0400])
O=C(NCCCCN1CCN(c2ccccc2F)CC1)c1ccc2ccccc2c1,tensor([6.5100])
O=C(NCCCCN1CCN(c2cccc3[nH]ccc23)CC1)c1ccc2ccccc2c1,tensor([7.0200])
COc1ccccc1N1CCN(CCCCNC(=O)C2CCCCC2)CC1,tensor([6.7800])
Cc1cccc(N2CCN(CCCCNC(=O)c3ccc4ccccc4c3)CC2)c1C,tensor([6.5200])
O=C1Cc2c(cccc2N2CCN(CCCCNC(=O)c3ccc4ccccc4c3)CC2)N1,tensor([7.2800])
COc1ccccc1N1CCN(CCCCNC(=O)N2CCOCC2)CC1,tensor([6.3200])
CC1(c2ccc(F)cc2)NC(=O)N(CC(O)CN2CCN(c3ccccc3C#N)CC2)C1=O,tensor([6.0300])
CC1(c2ccc(F)cc2)NC(=O)N(CC(O)CN2CCN(c3ccccc3)CC2)C1=O,tensor([5.5400])
CC1(c2ccc(F)cc2)NC(=O)N(CC(O)CN2CCN(c3ccc(Cl)c(Cl)c3)CC2)C1=O,tensor([5.7000])
CC1(c2ccc(F)cc2)NC(=O)N(CC(O)CN2CCN(c3ccccc3F)CC2)C1=O,tensor([5.7700])
CC1(c2ccc(F)cc2)NC(=O)N(CC(O)CN2CCN(c3ccccc3Cl)CC2)C1=O,tensor([6.0800])
Cc1ccc(N2CCN(CC(O)CN3C(=O)NC(C)(c4ccc(F)cc4)C3=O)CC2)cc1C,tensor([5.6500])
Cc1ccc(C)c(N2CCN(CC(O)CN3C(=O)NC(C)(c4ccc(F)cc4)C3=O)CC2)c1,tensor([5.7400])
COc1ccccc1N1CCN(CC(O)CN2C(=O)NC(C)(c3ccc(F)cc3)C2=O)CC1,tensor([6.1500])
CC1(c2ccc(F)cc2)NC(=O)N(CC(O)CN2CCN(c3cccc(Cl)c3Cl)CC2)C1=O,tensor([6.5200])
COc1cccc(N2CCN(CC(O)CN3C(=O)NC(C)(c4ccc(F)cc4)C3=O)CC2)c1,tensor([5.2900])
CCOc1ccccc1N1CCN(CC(O)CN2C(=O)NC(C)(c3ccc(F)cc3)C2=O)CC1,tensor([6.9000])
CC1(c2ccc(F)cc2)NC(=O)N(CC(O)CN2CCN(c3ccc(F)cc3F)CC2)C1=O,tensor([5.1700])
CC1(c2ccc(F)cc2)NC(=O)N(CC(O)CN2CCN(C(c3ccccc3)c3ccccc3)CC2)C1=O,tensor([6.5800])
CC1(c2ccc(F)cc2)NC(=O)N(CC(O)CN2CCN(c3ccc(Cl)cc3)CC2)C1=O,tensor([5.3700])
CC1(c2ccc(F)cc2)NC(=O)N(CC(O)CN2CCN(c3ccc(F)cc3)CC2)C1=O,tensor([5.2500])
CCCN(CCC)C1Cc2cccc3nc(O)n(c23)C1,tensor([7.9400])
CN(CCCCNC(=O)c1ccc2c(c1)Cc1ccccc1-2)C1Cc2cccc3[nH]c(=O)n(c23)C1,tensor([8.2600])
CNC1Cc2cc(C#N)cc3[nH]c(=O)n(c23)C1,tensor([5.2900])
CCCNC1Cc2cccc3nc(O)n(c23)C1,tensor([8.5600])
CCCN1CCCC2Cc3[nH]ncc3CC21,tensor([8.2600])
CN(CCCCNC(=O)c1cc2ccccc2[nH]1)C1Cc2cccc3[nH]c(=O)n(c23)C1,tensor([8.2400])
CCCN(C)C1Cc2cccc3[nH]c(=O)n(c23)C1,tensor([7.9000])
CCCn1c(=O)n2c3c(cccc31)CC(NC)C2,tensor([7.8800])
CCCCn1c(=O)n2c3c(cccc31)CC(NC)C2,tensor([7.8900])
CCCN(CCC)C1Cc2cccc3c2n(c(=O)n3CCC)C1,tensor([8.5900])
CCCNC1Cc2cccc3c2n(c(=O)n3CCC)C1,tensor([8.0900])
CNC1Cc2cccc3[nH]c(=O)n(c23)C1,tensor([7.7700])
NC1Cc2cccc3[nH]c(=O)n(c23)C1,tensor([6.9400])
COc1ccc(-c2cc(F)ccc2N2CCN(CCCCCC(=O)NCc3ccc(C#N)cc3)CC2)cc1,tensor([6.2800])
N#Cc1ccc(CNC(=O)CCOCCN2CCN(c3cccnc3-c3ccccc3)CC2)cc1,tensor([5.3600])
COc1ccc(-c2ccccc2N2CCN(CCCCCC(=O)NCc3ccc(C#N)cc3)CC2)cc1,tensor([6.5300])
O=C(CCOCCN1CCN(c2cccnc2-c2ccc(F)cc2)CC1)NCc1ccc(C(F)(F)F)cc1,tensor([5.4600])
N#Cc1ccc(CNC(=O)CCCCCN2CCN(c3ccc(F)cc3-c3ccc(C#N)cc3)CC2)cc1,tensor([5.8600])
N#Cc1ccc(CNC(=O)CCOCCN2CCN(c3ncccc3-c3ccccc3)CC2)cc1,tensor([6.2700])
N#Cc1ccc(CNC(=O)CCOCCN2CCN(c3cccnc3-c3ccc(F)cc3)CC2)cc1,tensor([5.7100])
O=C(CCCCCN1CCN(c2ccccc2-c2ccccc2)CC1)NCc1ccc(OCCN2CCOCC2)cc1,tensor([6.8700])
COc1ccc(-c2ccccc2N2CCN(CCCCCC(=O)NCc3ccc(OCCO)cc3)CC2)cc1,tensor([6.3800])
CN(C)Cc1ccc(CNC(=O)CCCCCN2CCN(c3ccccc3-c3ccccc3)CC2)cc1,tensor([7.1200])
O=C(CCOCCN1CCN(c2cccnc2-c2ccccc2)CC1)NCc1ccc(C(F)(F)F)cc1,tensor([5.5600])
COCOc1ccc(CNC(=O)CCCCCN2CCN(c3ccccc3-c3ccc(OC)cc3)CC2)cc1,tensor([6.4900])
COc1ccc(-c2ccccc2N2CCN(CCCCCC(=O)NC(C)c3ccccc3)CC2)cc1,tensor([6.7500])
O=C(CCOCCN1CCN(c2ncccc2-c2ccccc2)CC1)NCc1ccc(C(F)(F)F)cc1,tensor([6.5700])
COc1ccc(-c2ccccc2N2CCN(CCCCCC(=O)NC(C)c3ccc(C#N)cc3)CC2)cc1,tensor([6.6100])
CC(NC(=O)CCCCCN1CCN(c2ccccc2-c2ccccc2)CC1)c1ccccc1,tensor([7.2800])
N#Cc1ccc(CNC(=O)CCOCCN2CCN(c3ncccc3-c3ccc(F)cc3)CC2)cc1,tensor([6.1600])
O=C(CCOCCN1CCN(c2ncccc2-c2ccc(F)cc2)CC1)NCc1ccc(C(F)(F)F)cc1,tensor([6.4100])
O=C(CCCCCN1CCN(c2ccccc2-c2ccccc2)CC1)NCc1ccc(OCCCN2CCOCC2)cc1,tensor([7.1900])
COCOc1ccc(CNC(=O)CCCCCN2CCN(c3ccccc3-c3ccccc3)CC2)cc1,tensor([7.4400])
COc1ccc(-c2ccccc2N2CCN(CCCCCC(=O)NCc3ccc(OCCCN4CCOCC4)cc3)CC2)cc1,tensor([6.5800])
O=C(CCOCCN1CCN(c2ccccc2-c2ccccc2)CC1)NCc1ccc(C(F)(F)F)cc1,tensor([6.4600])
CC1CN(c2ccccc2-c2ccccc2)CCN1CCCCCC(=O)NCc1ccccc1,tensor([6.7500])
O=C(CCOCCN1CCN(c2ccccc2-c2ccccc2)CC1)NCc1ccncc1,tensor([5.6100])
COc1ccc(-c2ccccc2N2CCN(CCCCCC(=O)NCc3ccc(OCCN4CCOCC4)cc3)CC2)cc1,tensor([6.4300])
Fc1ccc(C(SCCNCCCc2ccccc2)c2ccc(F)cc2)cc1,tensor([6.6400])
CCCCN1C2CCC1CC(OC(c1ccc(F)cc1)c1ccc(F)cc1)C2,tensor([7.1700])
[O-][S+](CCN1CCN(CC(O)Cc2ccccc2)CC1)C(c1ccc(F)cc1)c1ccc(F)cc1,tensor([7.1100])
CC(O)CN1CCN(CCSC(c2ccc(F)cc2)c2ccc(F)cc2)CC1,tensor([6.1600])
CC(O)CN1CCN(CC[S+]([O-])C(c2ccc(F)cc2)c2ccc(F)cc2)CC1,tensor([6.5300])
CNCC1Cc2ccc3c(ccn3S(=O)(=O)c3cccc4ccccc34)c21,tensor([6.])
CNC1c2cc3ccn(S(=O)(=O)c4ccccc4)c3cc2C1CCO,tensor([4.8000])
CNC1c2cc3c(ccn3S(=O)(=O)c3ccccc3)cc2C1CCO,tensor([5.2000])
CC(=O)Nc1ccc(CCN(C)CC2Cc3ccc4c(ccn4S(=O)(=O)c4ccccc4)c32)cc1,tensor([6.6000])
CNCC1Cc2ccc3c(ccn3S(=O)(=O)c3ccccc3)c21,tensor([5.7000])
O=S(=O)(c1ccccc1)n1ccc2c3c(ccc21)C1CCNCCC31,tensor([6.1000])
CNCC1Cc2cc3ccn(S(=O)(=O)c4cccc5ccccc45)c3cc21,tensor([5.6000])
COc1cc2c(cc1OC)C1Cc3ccc(OC)c(OC)c3CN1CC2,tensor([5.9500])
CCCNC1Cc2cccc3c2n(c(=O)n3CCCCNC(=O)c2cc3ccccc3[nH]2)C1,tensor([7.7300])
CNC1Cc2cccc3c2n(c(=O)n3CCCCCCCCCCCCOCCCCc2ccccc2)C1,tensor([6.9100])
CCCn1c(=O)n2c3c(cccc31)CC(N(C)CCCCNC(=O)c1cc3ccccc3[nH]1)C2,tensor([7.6600])
CNC1Cc2cccc3c2n(c(=O)n3CCOCCOCCOCCCCc2ccccc2)C1,tensor([7.4600])
CNC1Cc2cccc3c2n(c(=O)n3CCCCOCCCCc2ccccc2)C1,tensor([6.9200])
CCCN(CCCCNC(=O)c1cc2ccccc2[nH]1)C1Cc2cccc3c2n(c(=O)n3CCC)C1,tensor([8.0700])
CNC1Cc2cccc3c2n(c(=O)n3CCCCOc2ccc3c(c2)NC(=O)CC3)C1,tensor([6.4700])
CNC1Cc2cccc3c2n(c(=O)n3CCOCCOCCOCCOc2ccc3c(c2)NC(=O)CC3)C1,tensor([6.5100])
CNC1Cc2cccc3c2n(c(=O)n3CCOCCOCCCCc2ccccc2)C1,tensor([6.9600])
CNC1Cc2cccc3c2n(c(=O)n3CCCCCCCCOCCCCc2ccccc2)C1,tensor([7.4100])
CNC1Cc2cccc3c2n(c(=O)n3CCCCCCOCCCCc2ccccc2)C1,tensor([7.2200])
CCCN(CCC)C1Cc2cccc3c2n(c(=O)n3CCCCNC(=O)c2cc3ccccc3[nH]2)C1,tensor([7.0600])
CCCNC1Cc2cccc3c2n(c(=O)n3CCCCOCCCCc2ccccc2)C1,tensor([7.4300])
CNC1Cc2cccc3c2n(c(=O)n3CCCCCCCCCCOCCCCc2ccccc2)C1,tensor([7.6200])
CN(CCCCOc1ccc2c(c1)NC(=O)CC2)C1Cc2cccc3[nH]c(=O)n(c23)C1,tensor([7.4000])
CCCNC1Cc2cccc3c2n(c(=O)n3CCCCCCOCCCCc2ccccc2)C1,tensor([7.2600])
COc1ccccc1N1CC2(CN(CCCSc3nnc(-c4ccccc4)n3C)C2)C1,tensor([4.6700])
COc1ccccc1N1CCC2(CN(CCCSc3nnc(-c4ccccc4)n3C)C2)C1,tensor([4.2200])
COc1ccccc1N1CCC2(CCN(CCCSc3nnc(-c4ccccc4)n3C)C2)C1,tensor([5.2000])
Cn1c(SCCCN2CCC3(CC2)CCN(c2ccc(F)cc2)CC3)nnc1-c1ccccc1,tensor([5.0100])
COc1ccccc1N1CCC2(CCN(CCCSc3nnc(-c4ccccc4)n3C)CC2)C1,tensor([5.2100])
Cn1c(SCCCN2CCC3(CC2)CCN(c2ccccn2)CC3)nnc1-c1ccccc1,tensor([4.0800])
Cn1c(SCCCN2CCC3(CC2)CCN(c2cccc(Cl)c2Cl)CC3)nnc1-c1ccccc1,tensor([5.1200])
COc1ccccc1N1CCN(CCCSc2nnc(-c3ccccc3)n2C)CC1,tensor([6.5800])
COc1ccccc1N1CCC12CCN(CCCSc1nnc(-c3ccccc3)n1C)CC2,tensor([4.5300])
COc1ccccc1N1CCC2(CCN(CCCSc3nnc(-c4ccccc4)n3C)CC2)CC1,tensor([4.9600])
COc1ccccc1N1CC2(CCN(CCCSc3nnc(-c4ccccc4)n3C)CC2)C1,tensor([4.4200])
O=S(=O)(c1cncc2ccccc12)N1CCC(CCN2CCN(c3cccc(F)c3)CC2)CC1,tensor([6.])
O=S(=O)(c1cncc2ccccc12)N1CCC(CCN2CCN(c3ccc(Cl)c(Cl)c3)CC2)CC1,tensor([6.8400])
O=S(=O)(c1cccc2ncccc12)N1CCC(CCN2CCN(c3cccc(C(F)(F)F)c3)CC2)CC1,tensor([6.8300])
O=S(=O)(c1cncc2ccccc12)N1CCC(CCN2CCN(c3cccc(C(F)(F)F)c3)CC2)CC1,tensor([6.8300])
O=S(=O)(c1cccc2ncccc12)N1CCC(CCN2CCN(c3ccc(F)cc3)CC2)CC1,tensor([6.6500])
O=S(=O)(c1cncc2ccccc12)N1CCC(CCN2CCN(c3cccc(Cl)c3)CC2)CC1,tensor([7.4300])
O=S(=O)(c1cccc2ncccc12)N1CCC(CCN2CCN(c3ccc(Cl)cc3)CC2)CC1,tensor([6.8500])
O=S(=O)(c1cncc2ccccc12)N1CCC(CCN2CCN(c3cccc(Cl)c3Cl)CC2)CC1,tensor([7.5200])
O=S(=O)(c1cccc2ncccc12)N1CCC(CCN2CCN(c3cccc(Cl)c3Cl)CC2)CC1,tensor([7.4400])
O=S(=O)(c1cccc2ncccc12)N1CCC(CCN2CCN(c3cccc(F)c3)CC2)CC1,tensor([5.7400])
O=S(=O)(c1cccc2ncccc12)N1CCC(CCN2CCN(c3ccccc3)CC2)CC1,tensor([5.9100])
O=S(=O)(c1cccc2ncccc12)N1CCC(CCN2CCN(c3cccc(Cl)c3)CC2)CC1,tensor([7.1200])
O=S(=O)(c1cncc2ccccc12)N1CCC(CCN2CCN(c3ccccc3)CC2)CC1,tensor([5.9100])
O=S(=O)(c1cccc2ncccc12)N1CCC(CCN2CCN(c3ccc(Cl)c(Cl)c3)CC2)CC1,tensor([6.9200])
O=S(=O)(c1cncc2ccccc12)N1CCC(CCN2CCN(c3ccc(F)cc3)CC2)CC1,tensor([6.3800])
O=C(NCCCCN1CCN(c2cccc(Cl)c2Cl)CC1)c1cnc2ccccc2c1,tensor([8.])
CC(O)CN1CCN(c2cccc(Cl)c2Cl)CC1,tensor([6.5000])
CCC(O)CN1CCN(c2cccc(Cl)c2Cl)CC1,tensor([7.0300])
N#Cc1ccc2c(c1)CN(CC1CC1CCNC(=O)c1cc3ccccc3[nH]1)CC2,tensor([6.7400])
O=C(NCC1CC1CN1CCN(c2cccc(Cl)c2Cl)CC1)c1cc2ccccc2[nH]1,tensor([8.0700])
N#Cc1cccc(N2CCNCC2)c1,tensor([5.3100])
N#Cc1ccc2c(c1)CN(CC1CC1CCNC(=O)c1cc3cccnc3[nH]1)CC2,tensor([7.8400])
N#Cc1ccc2c(c1)CCN(CCC1CCC(NC(=O)c3ccnc4ccccc34)CC1)C2,tensor([5.2900])
O=C(NCC1CC1CN1CCN(c2cccc(Cl)c2Cl)CC1)c1ccnc2ccccc12,tensor([7.7000])
N#Cc1cccc(N2CCN(CC3CC3CNC(=O)c3ccnc4ccccc34)CC2)c1,tensor([5.6400])
N#Cc1ccc2c(c1)CN(CCC1CCC(NC(=O)c3cc4ccccc4[nH]3)CC1)CC2,tensor([6.3100])
N#Cc1ccc2c(c1)CCNC2,tensor([4.2700])
N#Cc1ccc2c(c1)CN(CCC1CC1CNC(=O)c1cc3ccccc3[nH]1)CC2,tensor([6.3200])
CCCCN1CCc2cc(C#N)ccc2C1,tensor([5.0800])
CCCC(CCC)NC(=O)c1cc2ccccc2[nH]1,tensor([4.8700])
CCCCN1CCc2ccc(C#N)cc2C1,tensor([6.0800])
N#Cc1ccc2c(c1)CN(CC1CC1CNC(=O)c1ccnc3ccccc13)CC2,tensor([5.8400])
CCCCN1CCN(c2cccc(C#N)c2)CC1,tensor([6.3100])
N#Cc1ccc2c(c1)CNCC2,tensor([4.9400])
N#Cc1ccc2c(c1)CN(CC1CC1CNC(=O)c1cc3ccccc3[nH]1)CC2,tensor([6.1600])
N#Cc1ccc2c(c1)CCN(CC1CC1CNC(=O)c1ccnc3ccccc13)C2,tensor([5.0200])
CC(C)c1nc2c(N3CCNCC3)ccnc2n1Cc1cccc(Cl)c1,tensor([5.5300])
O=S(=O)(c1ccccc1)c1cnc2c(N3CCNCC3)cccc2c1,tensor([6.])
CC(C)c1nc2c(N3CCNCC3)ccnc2n1Cc1cccc(F)c1,tensor([5.4600])
CCc1nc2c(N3CCNCC3)ccnc2n1Cc1cccc(F)c1,tensor([5.4600])
CCc1nc2c(N3CCNCC3)ccnc2n1Cc1cccc(Cl)c1,tensor([5.2100])
CC1(c2ccc(Cl)cc2)NC(=O)N(CC(O)CN2CCN(C(c3ccccc3)c3ccccc3)CC2)C1=O,tensor([6.2200])
N#Cc1ccccc1N1CCN(CC(O)CN2C(=O)NC(c3ccccc3)(c3ccccc3)C2=O)CC1,tensor([6.2700])
CC1(c2ccc(Br)cc2)NC(=O)N(CC(O)CN2CCN(c3ccccc3C#N)CC2)C1=O,tensor([6.3000])
CC1(c2ccc(Cl)cc2)NC(=O)N(CC(O)CN2CCN(c3ccccc3C#N)CC2)C1=O,tensor([5.8900])
COc1ccccc1N1CCN(CC(O)CN2C(=O)NC(c3ccccc3)(c3ccccc3)C2=O)CC1,tensor([6.3000])
COc1ccccc1N1CCN(CC(O)CN2C(=O)NC(C)(c3cccc(F)c3)C2=O)CC1,tensor([6.5700])
CC1(c2ccccc2)NC(=O)N(CC(O)CN2CCN(c3ccccc3C#N)CC2)C1=O,tensor([5.7700])
COc1ccccc1N1CCN(CC(O)CN2C(=O)NC(C)(c3ccc(Br)cc3)C2=O)CC1,tensor([6.5700])
CCOc1ccccc1N1CCN(CC(O)CN2C(=O)NC(C)(c3ccccc3)C2=O)CC1,tensor([6.5200])
COc1ccc(C2(C)NC(=O)N(CC(O)CN3CCN(c4ccccc4OC)CC3)C2=O)cc1,tensor([5.9300])
COc1ccccc1N1CCN(CC(O)CN2C(=O)NC(C)(c3ccccc3F)C2=O)CC1,tensor([6.5200])
COc1ccccc1N1CCN(CC(O)CN2C(=O)NC(C)(c3ccc(C)cc3)C2=O)CC1,tensor([6.0600])
COc1ccc(C2(C)NC(=O)N(CC(O)CN3CCN(C(c4ccccc4)c4ccccc4)CC3)C2=O)cc1,tensor([6.0300])
COc1ccccc1N1CCN(CC(O)CN2C(=O)NC(C)(c3ccc(Cl)cc3)C2=O)CC1,tensor([6.4400])
COc1ccc(C2(C)NC(=O)N(CC(O)CN3CCN(c4ccccc4C#N)CC3)C2=O)cc1,tensor([6.1100])
O=C(NCCN1CCN(c2ccc(Cl)cc2)CC1)c1ccncc1,tensor([5.6400])
O=C(NCCN1CCN(c2ccc(Cl)c(Cl)c2)CC1)c1ccccn1,tensor([6.6000])
COc1ccccc1N1CCN(CCOCCOc2cc(C)cc(C)c2C)CC1,tensor([6.7900])
COc1ccccc1N1CCN(CCCOc2ccc(C)cc2C)CC1,tensor([7.0100])
COc1ccc(N2CCN(CCCOc3c(C)cc(C)cc3C)CC2)cc1,tensor([5.3000])
COc1ccccc1N1CCN(CCOCCOc2c(C)cc(C)cc2C)CC1,tensor([6.7200])
Cc1cc(OCCCN2CCN(c3ccccc3)CC2)ccc1Cl,tensor([6.5200])
Cc1cccc(OCCOCCN2CCN(CCc3ccccc3)CC2)c1C,tensor([5.9200])
CCc1cc(-c2ccoc2)nc(N2CCN(C)CC2)n1,tensor([6.3300])
CCCCc1cc(-c2ccoc2)nc(N2CCN(C)CC2)n1,tensor([7.4300])
O=S(=O)(c1cncc2ccccc12)N1CCCC1CCN1CCN(c2cccc3sccc23)CC1,tensor([8.2200])
O=C1Cc2cc(CCN3CCN(c4nsc5ccccc45)CC3)c(Cl)cc2N1,tensor([9.1000])
O=S(=O)(c1cccc2ncccc12)N1CCC1CCN1CCN(c2cccc3sccc23)CC1,tensor([7.6200])
O=S(=O)(c1ccnc2ccccc12)N1CCCCCC1CCN1CCN(c2nsc3ccccc23)CC1,tensor([8.5200])
O=c1[nH]c2c(N3CCN(CCC4CCCN4S(=O)(=O)c4cccc5ncccc45)CC3)cccc2o1,tensor([8.0500])
O=S(=O)(c1cncc2ccccc12)N1CCCC1CCN1CCN(c2cccc3[nH]ccc23)CC1,tensor([8.5200])
O=S(=O)(c1cncc2ccccc12)N1CCCCC1CCN1CCN(c2cccc3sccc23)CC1,tensor([7.6400])
O=S(=O)(c1cncc2ccccc12)N1CCCC1CCN1CCN(c2noc3ccccc23)CC1,tensor([8.5200])
O=S(=O)(c1cncc2ccccc12)N1CCC1CCN1CCN(c2nsc3ccccc23)CC1,tensor([8.])
O=S(=O)(c1cncc2ccccc12)N1CCCCCC1CCN1CCN(c2cccc3sccc23)CC1,tensor([8.2200])
O=S(=O)(c1cccc2cnccc12)N1CCCC1CCN1CCN(c2noc3ccccc23)CC1,tensor([8.5200])
O=S(=O)(c1cccc2ncccc12)N1CCCCCC1CCN1CCN(c2cccc3sccc23)CC1,tensor([8.])
O=S(=O)(c1cccc2ncccc12)N1CCCC1CCN1CCC(c2noc3cc(F)ccc23)CC1,tensor([8.7700])
O=S(=O)(c1cccc2ncccc12)N1CCCCCC1CCN1CCN(c2nsc3ccccc23)CC1,tensor([8.4000])
O=S(=O)(c1ccnc2ccccc12)N1CCCCC1CCN1CCN(c2nsc3ccccc23)CC1,tensor([8.3000])
O=S(=O)(c1cccc2ncccc12)N1CCCC1CCN1CC=C(c2c[nH]c3ccc(Cl)cc23)CC1,tensor([7.9600])
O=S(=O)(c1cccc2ncccc12)N1CCCCC1CCN1CCN(c2nsc3ccccc23)CC1,tensor([8.1500])
O=S(=O)(c1cccc2ncccc12)N1CCCC1CCN1CCN(c2cccc3c2OCCO3)CC1,tensor([7.9200])
O=S(=O)(c1cccc2cnccc12)N1CCCC1CCN1CCN(c2cccc3sccc23)CC1,tensor([8.3000])
O=S(=O)(c1cncc2ccccc12)N1CCCC1CCN1CCN(c2cccc3c2OCCO3)CC1,tensor([7.7200])
O=S(=O)(c1cccc2ncccc12)N1CCC1CCN1CCN(c2nsc3ccccc23)CC1,tensor([7.9600])
O=S(=O)(c1cncc2ccccc12)N1CCCC1CCN1CCN(c2nsc3ccccc23)CC1,tensor([9.8500])
O=S(=O)(c1cccc2ncccc12)N1CCCCC1CCN1CCN(c2cccc3sccc23)CC1,tensor([7.6800])
O=c1[nH]c2c(N3CCN(CCC4CCCN4S(=O)(=O)c4cncc5ccccc45)CC3)cccc2o1,tensor([8.3000])
O=S(=O)(c1cncc2ccccc12)N1CCCC1CCN1CC=C(c2c[nH]c3ccc(Cl)cc23)CC1,tensor([7.9200])
O=S(=O)(c1cccc2ncccc12)N1CCCC1CCN1CCN(c2cccc3[nH]ccc23)CC1,tensor([8.1000])
O=S(=O)(c1cccc2ncccc12)N1CCCC1CCN1CCN(c2nsc3ccccc23)CC1,tensor([9.1500])
O=S(=O)(c1cccc2cnccc12)N1CCCC1CCN1CCN(c2nsc3ccccc23)CC1,tensor([9.5200])
O=S(=O)(c1cccc2ncccc12)N1CCCC1CCN1CCN(c2noc3ccccc23)CC1,tensor([8.4000])
O=S(=O)(c1cncc2ccccc12)N1CCC1CCN1CCN(c2cccc3sccc23)CC1,tensor([7.5400])
Cc1nc2n(c(=O)c1CCN1CCC(c3noc4cc(F)ccc34)CC1)CCCC2,tensor([9.2200])
O=C1c2ccccc2C(=O)N1CCCCN1CCN(c2cccc(F)c2F)CC1,tensor([5.6700])
COc1ccccc1N1CCN(CCCCCCN2C(=O)c3ccccc3S2(=O)=O)CC1,tensor([7.2100])
O=C1c2ccccc2S(=O)(=O)N1CCCCCCN1CCN(c2ccccc2F)CC1,tensor([7.6200])
O=C1c2ccccc2S(=O)(=O)N1CCCCCCN1CCN(c2cccc3cccnc23)CC1,tensor([7.8200])
COc1ccc(N2CCN(CCCCCCN3C(=O)c4ccccc4S3(=O)=O)CC2)cc1,tensor([6.0200])
O=C1c2ccccc2S(=O)(=O)N1CCCCCCN1CCN(c2cccc(Cl)c2)CC1,tensor([7.4100])
O=C1c2ccccc2S(=O)(=O)N1CCCCCCN1CCN(c2ccc(Cl)cc2)CC1,tensor([7.5500])
O=C1c2ccccc2S(=O)(=O)N1CCCCCCN1CCN(c2cccc(C(F)(F)F)c2)CC1,tensor([8.1500])
COc1cccc(N2CCN(CCCCCCN3C(=O)c4ccccc4S3(=O)=O)CC2)c1,tensor([6.9500])
O=C1c2ccccc2S(=O)(=O)N1CCCCCCN1CCN(c2cccc(Cl)c2Cl)CC1,tensor([6.8800])
O=C1c2ccccc2S(=O)(=O)N1CCCCCCN1CCN(c2ccc(Cl)c(Cl)c2)CC1,tensor([6.9800])
O=C1c2ccccc2S(=O)(=O)N1CCCCCCN1CCN(c2cccc3ccccc23)CC1,tensor([8.1000])
O=C1c2ccccc2S(=O)(=O)N1CCCCCCN1CCN(c2ccccc2)CC1,tensor([7.3200])
O=C1c2ccccc2S(=O)(=O)N1CCCCCCN1CCN(c2ccccc2Cl)CC1,tensor([7.3500])
O=C1c2ccccc2S(=O)(=O)N1CCCCCCN1CCN(c2ccccn2)CC1,tensor([6.6200])
O=C1c2ccccc2S(=O)(=O)N1CCCCCCN1CCN(c2ncccn2)CC1,tensor([7.2900])
O=C1c2ccccc2S(=O)(=O)N1CCCCCCN1CCN(c2ccccc2C(F)(F)F)CC1,tensor([7.5700])
COc1ccc2[nH]cc(C3CCN(CCCCN4C(=O)CC(c5c[nH]c6ccc(OC)cc56)C4=O)CC3)c2c1,tensor([6.6600])
O=C1C2C3CCC(C3)C2C(=O)N1CC1CCCCC1CN1CCN(c2nsc3ccccc23)CC1,tensor([8.7700])
COc1ccc2[nH]cc(C3CCN(CCCCN4C(=O)CC(c5c[nH]c6ccc(F)cc56)C4=O)CC3)c2c1,tensor([7.7000])
O=c1ccc2ccc(OCCCCN3CCN(c4cccc5sccc45)CC3)cc2[nH]1,tensor([9.5200])
O=C1CC(c2c[nH]c3ccc(F)cc23)C(=O)N1CCCCN1CCC(c2c[nH]c3ccc(F)cc23)CC1,tensor([7.7200])
COc1ccc2[nH]cc(C3CC(=O)N(CCCCN4CCC(c5c[nH]c6ccc(F)cc56)CC4)C3=O)c2c1,tensor([7.2100])
O=C1CC(c2c[nH]c3ccc(F)cc23)C(=O)N1CCCCN1CCC(c2c[nH]c3ccccc23)CC1,tensor([6.7200])
CN(C)C(=O)NC1CCC(CCN2CCN(c3cccc(Cl)c3Cl)CC2)CC1,tensor([9.3100])
COc1ccc(-c2ccc(CNCCc3c[nH]c4ccc(OC)cc34)o2)cc1,tensor([5.8700])
COc1ccc2[nH]cc(CCNCc3ccc(-c4cn[nH]c4)o3)c2c1,tensor([5.7600])
CN(CCc1c[nH]c2ccccc12)Cc1ccc(-c2ccccc2)o1,tensor([6.4300])
Fc1ccc2c(CCNCc3cccc(OCC(F)(F)C(F)F)c3)c[nH]c2c1,tensor([5.9200])
Oc1ccc(-c2ccc(CNCCc3c[nH]c4ccc(F)cc34)o2)cc1,tensor([6.4200])
Oc1ccc(-c2ccc(CNCCc3c[nH]c4ccccc34)o2)cc1,tensor([6.1200])
COc1ccc2[nH]cc(CCNCc3ccc(-c4cccc(O)c4)o3)c2c1,tensor([6.4100])
Oc1ccc(-c2ccc(CNCCc3c[nH]c4ncc(F)cc34)o2)cc1,tensor([6.3000])
COc1ccc2[nH]cc(CCNCc3ccc(-c4ccc(Cl)cc4)o3)c2c1,tensor([6.2400])
c1ccc(-c2ccc(CNCCc3c[nH]c4ccccc34)o2)cc1,tensor([6.1700])
COc1cccc2[nH]cc(CCNCc3ccc(-c4ccc(O)cc4)o3)c12,tensor([6.7500])
COc1ccc2[nH]c(C)c(CCNCc3ccc(-c4ccc(O)cc4)o3)c2c1,tensor([6.7800])
COc1ccc2[nH]cc(CCNCc3ccc(-c4cnc5ccccc5c4)o3)c2c1,tensor([5.9900])
COc1ccc2[nH]cc(CCNCc3ccc(-c4ccc(O)cc4)o3)c2c1,tensor([6.6600])
O=C(NCCCCN1CCN(c2cccc(Cl)c2Cl)CC1)c1ccc(-c2ccsc2)cc1,tensor([7.2000])
O=C(NCCCCN1CCN(c2ccccc2)CC1)c1ccc(-c2ccsc2)cc1,tensor([5.0700])
O=C(NCCCCN1CCN(c2ccccc2Cl)CC1)c1ccc(-c2ccsc2)cc1,tensor([6.7700])
O=C(NCCCCN1CCN(c2cc(Cl)cc(Cl)c2)CC1)c1ccc(-c2ccsc2)cc1,tensor([5.6900])
CCCCN1CCN(c2ccccc2OCCF)CC1,tensor([7.8300])
O=C(NCCCCN1CCN(c2ccc(O)cc2)CC1)c1ccc(-c2ccsc2)cc1,tensor([5.3200])
O=C(NCCCCN1CCN(c2ccccc2C(F)(F)F)CC1)c1ccc(-c2ccsc2)cc1,tensor([6.5800])
O=C(NCCCCN1CCN(c2cccc(O)c2)CC1)c1ccc(-c2ccsc2)cc1,tensor([6.8500])
O=C(NCCCCN1CCN(c2cccc(Cl)c2)CC1)c1ccc(-c2ccsc2)cc1,tensor([4.9200])
O=C(NCCCCN1CCN(c2ccccc2O)CC1)c1ccc(-c2ccsc2)cc1,tensor([5.4600])
Cc1cccc(N2CCN(CCCCNC(=O)c3ccc(-c4ccsc4)cc3)CC2)c1,tensor([4.7900])
Cc1ccccc1N1CCN(CCCCNC(=O)c2ccc(-c3ccsc3)cc2)CC1,tensor([6.7200])
Cc1ccc(N2CCN(CCCCNC(=O)c3ccc(-c4ccsc4)cc3)CC2)cc1,tensor([4.6000])
O=C(NCCCCN1CCN(c2ccc(Cl)cc2Cl)CC1)c1ccc(-c2ccsc2)cc1,tensor([6.1200])
O=C(NCCCCN1CCN(c2ccc(Cl)cc2)CC1)c1ccc(-c2ccsc2)cc1,tensor([4.5600])
COc1cccc(N2CCN(CCCCNC(=O)c3ccc(-c4ccsc4)cc3)CC2)c1,tensor([5.7400])
N#Cc1ccccc1N1CCN(CCCCNC(=O)c2ccc(-c3ccsc3)cc2)CC1,tensor([7.0300])
N#Cc1cccc(N2CCN(CCCCNC(=O)c3ccc(-c4ccsc4)cc3)CC2)c1,tensor([6.1300])
COc1ccccc1N1CCN(CCCCNC(=O)c2ccc(-c3ccsc3)cc2)CC1,tensor([7.4100])
O=C(NCCCCN1CCN(c2cccc(C(F)(F)F)c2)CC1)c1ccc(-c2ccsc2)cc1,tensor([7.])
COc1ccc2c(c1)c(-c1c(C)nc(N)n1CC(F)F)cn2S(=O)(=O)c1ccccc1,tensor([5.4200])
Cc1nc(N)[nH]c1-c1ccc2ccn(S(=O)(=O)c3ccccc3)c2c1,tensor([6.1500])
COc1ccc2c(c1)c(-c1[nH]c(NCCc3ccccc3)nc1C)cn2S(=O)(=O)c1ccccc1,tensor([5.6700])
CC(=O)Nc1nc(C)c(-c2ccc3ccn(S(=O)(=O)c4ccccc4)c3c2)[nH]1,tensor([5.2800])
COc1ccc2c(c1)c(-c1[nH]c(NCC(F)F)nc1C)cn2S(=O)(=O)c1ccccc1,tensor([5.4000])
COc1ccc2c(c1)c(-c1[nH]c3cccc[n+]3c1C)cn2S(=O)(=O)c1ccccc1,tensor([5.5000])
Cc1nc(N)[nH]c1-c1cn(S(=O)(=O)c2cccc3ccccc23)c2ccccc12,tensor([5.9300])
COc1ccc2c(c1)c(-c1[nH]c(N)nc1C)cn2S(=O)(=O)c1ccc2ccccc2c1,tensor([5.6300])
COc1ccc2c(c1)c(-c1[nH]c(NCc3ccccc3)nc1C)cn2S(=O)(=O)c1ccccc1,tensor([5.9300])
Nc1ncc(-c2cccc3c2ccn3S(=O)(=O)c2ccccc2)[nH]1,tensor([5.4000])
COc1ccc2c(c1)c(-c1cnc(N)[nH]1)cn2S(=O)(=O)c1cccc(F)c1,tensor([5.1500])
CCc1nc(N)[nH]c1-c1cn(S(=O)(=O)c2ccccc2)c2ccccc12,tensor([5.8000])
CCc1nc(N)[nH]c1-c1cn(S(=O)(=O)c2ccccc2)c2ccc(OC)cc12,tensor([5.7900])
Cc1sc(N)nc1-c1cn(S(=O)(=O)c2ccccc2)c2ccccc12,tensor([5.2900])
Nc1ncc(-c2cn(S(=O)(=O)c3ccccc3)c3ccccc23)[nH]1,tensor([7.0600])
Cc1nc(N)[nH]c1-c1cn(S(=O)(=O)c2ccccc2)c2ccccc12,tensor([6.1000])
COc1ccc2c(c1)c(-c1[nH]c(N)nc1C)cn2S(=O)(=O)c1cccc2ccccc12,tensor([5.8800])
COc1ccc2c(c1)c(-c1nc3n(c1C)CCCN3)cn2S(=O)(=O)c1ccccc1,tensor([5.9100])
CCC(=O)Nc1nc(C)c(-c2ccc3ccn(S(=O)(=O)c4ccccc4)c3c2)[nH]1,tensor([5.4400])
CN1CCN(c2nc(N)nc(C[Se]c3ccccc3)n2)CC1,tensor([6.3000])
CN1CCN(c2nc(N)nc(CSc3ccccc3Cl)n2)CC1,tensor([6.4800])
CN1CCN(c2nc(N)nc(CS(=O)(=O)c3ccccc3Cl)n2)CC1,tensor([4.3000])
CN1CCN(c2nc(N)nc(COc3cccc(Cl)c3)n2)CC1,tensor([6.1700])
CC(Oc1ccccc1Cl)c1nc(N)nc(N2CCN(C)CC2)n1,tensor([6.])
CN1CCN(c2nc(N)nc(CSc3ccccc3)n2)CC1,tensor([6.1300])
CN1CCN(c2nc(N)nc(COc3ccc(Cl)cc3Cl)n2)CC1,tensor([5.9100])
Cc1ccc(C(C)C)c(OCc2nc(N)nc(N3CCN(C)CC3)n2)c1,tensor([5.9600])
Cc1ccc(OCc2nc(N)nc(N3CCN(C)CC3)n2)cc1,tensor([5.5400])
Cc1cccc(OCc2nc(N)nc(N3CCN(C)CC3)n2)c1,tensor([6.1300])
Cc1ccccc1OCc1nc(N)nc(N2CCN(C)CC2)n1,tensor([5.3700])
CN1CCN(c2nc(N)nc(COc3ccccc3)n2)CC1,tensor([5.8700])
Cc1cc(OCc2nc(N)nc(N3CCN(C)CC3)n2)ccc1Cl,tensor([5.9100])
CC(Sc1ccccc1Cl)c1nc(N)nc(N2CCN(C)CC2)n1,tensor([6.2800])
CC(Oc1cccc(Cl)c1)c1nc(N)nc(N2CCN(C)CC2)n1,tensor([6.2500])
CC([Se]c1ccccc1)c1nc(N)nc(N2CCN(C)CC2)n1,tensor([6.1800])
Cc1cc(Cl)ccc1OCc1nc(N)nc(N2CCN(C)CC2)n1,tensor([5.3600])
Cn1cncc1-c1c[nH]c2ccc(C(N)=O)cc12,tensor([5.2500])
CCn1cncc1-c1c[nH]c2ccc(I)cc12,tensor([5.3200])
O=C1c2cccc3cccc(c23)C(=O)N1CCCCCCN1CCN(c2ccccn2)CC1,tensor([5.8800])
COc1ccccc1N1CCN(CCCCCCn2c(=O)n3c4c(cccc42)CCC3)CC1,tensor([8.7000])
CCOc1ccccc1N1CCN(CCCCCCN2C(=O)c3cccc4cccc2c34)CC1,tensor([7.9600])
COc1ccccc1N1CCN(CCCCCCN2C(=O)c3cccc4cccc(c34)C2=O)CC1,tensor([8.])
COc1ccc(N2CCN(CCCCCCN3C(=O)c4cccc5cccc(c45)C3=O)CC2)cc1,tensor([4.4000])
O=C1c2cccc3cccc(c23)N1CCCCCCN1CCN(c2ncccn2)CC1,tensor([6.7300])
O=C1c2cccc3cccc(c23)N1CCCCCCN1CCN(c2ccccn2)CC1,tensor([6.0600])
COc1cccc(N2CCN(CCCCCCN3C(=O)c4cccc5cccc(c45)C3=O)CC2)c1,tensor([6.5700])
O=S1(=O)c2cccc3cccc(c23)N1CCCCCCN1CCN(c2ccccn2)CC1,tensor([6.9300])
O=[N+]([O-])c1ccccc1N1CCN(CCCCCCN2c3cccc4cccc(c34)S2(=O)=O)CC1,tensor([6.5800])
O=C1c2cccc3cccc(c23)C(=O)N1CCCCCCN1CCN(c2ccccc2[N+](=O)[O-])CC1,tensor([6.8500])
O=C1c2cccc3cccc(c23)N1CCCCCCN1CCN(c2cccc3cccnc23)CC1,tensor([7.0900])
O=C1c2cccc3cccc(c23)N1CCCCCCN1CCN(c2ccccc2[N+](=O)[O-])CC1,tensor([6.3700])
COc1ccc(N2CCN(CCCCCCN3C(=O)c4cccc5cccc3c45)CC2)cc1,tensor([6.7500])
CCOc1ccccc1N1CCN(CCCCCCN2C(=O)c3cccc4cccc(c34)C2=O)CC1,tensor([7.5700])
CCOc1ccccc1N1CCN(CCCCCCN2c3cccc4cccc(c34)S2(=O)=O)CC1,tensor([7.5200])
O=C1c2cccc3cccc(c23)N1CCCCCCN1CCN(c2cccc(Cl)c2)CC1,tensor([7.1200])
O=S1(=O)c2cccc3cccc(c23)N1CCCCCCN1CCN(c2ccccc2F)CC1,tensor([7.0500])
O=C1c2cccc3cccc(c23)N1CCCCCCN1CCN(c2ccc(C(F)(F)F)cc2)CC1,tensor([6.0300])
O=C1c2cccc3cccc(c23)N1CCCCCCN1CCN(c2ccccc2F)CC1,tensor([6.5000])
O=S1(=O)c2cccc3cccc(c23)N1CCCCCCN1CCN(c2ccccc2Cl)CC1,tensor([6.8500])
O=C1c2cccc3cccc(c23)N1CCCCCCN1CCN(c2ccc(Cl)c(Cl)c2)CC1,tensor([6.6100])
O=S1(=O)c2cccc3cccc(c23)N1CCCCCCN1CCN(c2ccc(C(F)(F)F)cc2)CC1,tensor([6.0300])
O=S1(=O)c2cccc3cccc(c23)N1CCCCCCN1CCN(c2cccc(Cl)c2Cl)CC1,tensor([6.6600])
O=C1c2cccc3cccc(c23)N1CCCCCCN1CCN(c2cccc(Cl)c2Cl)CC1,tensor([7.0300])
O=C1c2cccc3cccc(c23)N1CCCCCCN1CCN(c2ccc(Cl)cc2)CC1,tensor([6.7100])
O=S1(=O)c2cccc3cccc(c23)N1CCCCCCN1CCN(c2cccc(C(F)(F)F)c2)CC1,tensor([6.5200])
O=S1(=O)c2cccc3cccc(c23)N1CCCCCCN1CCN(c2ccc(Cl)c(Cl)c2)CC1,tensor([6.5900])
O=C1c2cccc3cccc(c23)N1CCCCCCN1CCN(c2ccccc2C(F)(F)F)CC1,tensor([6.7900])
O=C1c2cccc3cccc(c23)N1CCCCCCN1CCN(c2ccc(Br)cc2)CC1,tensor([6.6900])
O=S1(=O)c2cccc3cccc(c23)N1CCCCCCN1CCN(c2cccc(Cl)c2)CC1,tensor([6.9200])
O=C1c2cccc3cccc(c23)N1CCCCCCN1CCN(c2ccccc2Cl)CC1,tensor([7.2400])
COc1ccccc1N1CCN(CC2COCC(c3ccccc3)(c3ccccc3)O2)CC1,tensor([6.9500])
COc1ccccc1N1CCN(CC2OCCOC2(c2ccccc2)c2ccccc2)CC1,tensor([5.6600])
COc1ccccc1OCCNCC1OCCOC1(c1ccccc1)c1ccccc1,tensor([6.4900])
CCn1cncc1-c1c[nH]c2c(F)cc(I)cc12,tensor([5.5200])
CCn1cncc1-c1c[nH]c2ccc(I)c(F)c12,tensor([5.1500])
CCn1cncc1-c1c[nH]c2ccc(Cl)c(F)c12,tensor([5.0300])
Cn1cncc1-c1c[nH]c2ccc(Br)cc12,tensor([5.7300])
COc1ccc(-c2c(=O)n(CCCCN3CCCC(c4c[nH]c5ccccc45)C3)c(=O)n3ccccc23)cc1,tensor([5.9500])
O=c1c(-c2ccc(F)cc2)c2ccccn2c(=O)n1CCCCN1CCCC(c2c[nH]c3ccccc23)C1,tensor([6.0200])
COc1ccc(-c2c(=O)n(CCCCN3CCCC(c4c[nH]c5ccc(OC)cc45)C3)c(=O)n3ccccc23)cc1,tensor([4.9500])
O=c1c(-c2ccccc2)c2ccccn2c(=O)n1CCCCN1CCCC(c2c[nH]c3ccccc23)C1,tensor([4.7500])
CCc1cccc(N2CCN(CC(O)CCNC(=O)c3ccc4c(c3)OCO4)CC2)c1Cl,tensor([6.3700])
CCc1cccc(N2CCN(CC(O)CCNC(=O)c3cc4ccccc4[nH]3)CC2)c1Cl,tensor([7.1200])
CCc1cccc(N2CCN(CC(F)CCNC(=O)c3cc4ccccc4[nH]3)CC2)c1Cl,tensor([7.1000])
CCc1cc(Cl)c(OC)c(N2CCN(CC(F)CCNC(=O)c3cc4ccccc4[nH]3)CC2)c1,tensor([4.7200])
CCc1cccc(N2CCN(CC(F)CCNC(=O)c3cc4ccccc4o3)CC2)c1Cl,tensor([6.4800])
CCc1cc(Cl)c(OC)c(N2CCN(CC(O)CCNC(=O)c3ccc4c(c3)OCO4)CC2)c1,tensor([6.4400])
CCc1cc2c(cc1N1CCN(CC(O)CCNC(=O)c3cc4ccccc4o3)CC1)OCO2,tensor([5.8400])
CCc1cc(Cl)c(OC)c(N2CCN(CC(O)CCNC(=O)c3cc4ccccc4[nH]3)CC2)c1,tensor([4.9700])
CCc1cc(Cl)c(OC)c(N2CCN(CC(F)CCNC(=O)c3cc4ccccc4o3)CC2)c1,tensor([4.9700])
CCc1cc2c(cc1N1CCN(CC(O)CCNC(=O)c3cc4ccccc4[nH]3)CC1)OCO2,tensor([6.2700])
O=S(=O)(c1ccc2ncccc2c1)n1cc(C2=CCNCC2)c2ccccc21,tensor([5.8500])
COc1ccc2c(c1)c(C1=CCNCC1)cn2S(=O)(=O)c1cncc2ccccc12,tensor([5.4800])
O=S(=O)(c1ccc2cccnc2c1)n1cc(C2=CCNCC2)c2cc(Cl)ccc21,tensor([5.9300])
COc1ccc2c(c1)c(C1=CCNCC1)cn2S(=O)(=O)c1cccc2ncccc12,tensor([6.5200])
COc1ccc2c(c1)c(C1=CCNCC1)cn2S(=O)(=O)c1ccc2cccnc2c1,tensor([6.6200])
CCc1cccc(N2CCN(CCCCNC(=O)c3cc4ccccc4o3)CC2)c1Cl,tensor([8.2000])
CCc1cccc(N2CCN(CCCCNC(=O)c3cn4ccccc4n3)CC2)c1Cl,tensor([8.2500])
CCc1cccc(N2CCN(CCC(O)CNC(=O)c3cc4ccccc4[nH]3)CC2)c1Cl,tensor([8.1700])
CCc1cccc(N2CCN(CCCCNC(=O)c3cc4ccccc4[nH]3)CC2)c1Cl,tensor([8.2600])
CCc1cccc(N2CCN(CCCCNC(=O)c3nc4sccn4c3C)CC2)c1Cl,tensor([8.3300])
CCCCN1CCN(c2cccc(CC)c2Cl)CC1,tensor([8.5300])
CCc1cccc(N2CCN(C)CC2)c1Cl,tensor([7.2400])
CCc1cc(Cl)c(OC)c(N2CCN(CCCCNC(=O)c3cc4ccccc4[nH]3)CC2)c1,tensor([7.5600])
CCc1cccc(N2CCNCC2)c1Cl,tensor([6.8600])
CCc1c[nH]c(C(=O)NCCCCN2CCN(c3cccc(CC)c3Cl)CC2)n1,tensor([7.9000])
CCc1cccc(N2CCN(CC(O)CCNC(=O)c3cc4ccccc4o3)CC2)c1Cl,tensor([6.7900])
CCc1cc(Cl)c(OC)c(N2CCN(CCCCNC(=O)c3cc4ccccc4o3)CC2)c1,tensor([6.8600])
CCc1cccc(N2CCN(CC=CCNC(=O)c3nc(C)c[nH]3)CC2)c1Cl,tensor([7.7900])
CCc1cc(Cl)c(OC)c(N2CCN(C)CC2)c1,tensor([6.6300])
CCc1cc(Cl)c(OC)c(N2CCN(CC(O)CCNC(=O)c3cc4ccccc4o3)CC2)c1,tensor([5.7900])
CCCCN1CCN(c2cc(CC)cc(Cl)c2OC)CC1,tensor([7.5300])
CCc1cccc(N2CCN(CC(O)CCNC(=O)c3nc(C)c[nH]3)CC2)c1Cl,tensor([6.8200])
CCc1cccc(N2CCN(CCCCNC(=O)c3nc(C)c[nH]3)CC2)c1Cl,tensor([7.9100])
O=C(NCCCCCCN1CCN(c2nsc3ccccc23)CC1)c1ccccc1,tensor([7.8500])
O=S(=O)(c1ccccc1)N(CCCCCCN1CCN(c2nsc3ccccc23)CC1)c1cccc(C(F)(F)F)c1,tensor([6.7900])
O=S(=O)(NCCCCCCN1CCN(c2nsc3ccccc23)CC1)c1cccc2ccccc12,tensor([7.5100])
O=c1oc2ccccc2n1CCCCCCN1CCN(c2nsc3ccccc23)CC1,tensor([7.8000])
O=C1C2C3CCC(C3)C2C(=O)N1CCCCCCN1CCN(c2cccc(C(F)(F)F)c2)CC1,tensor([6.7800])
O=C1C2C3CCC(C3)C2C(=O)N1CCCCCCN1CCN(c2cccc(Cl)c2)CC1,tensor([6.6500])
O=c1n(CCCCCCN2CCN(c3nsc4ccccc34)CC2)nc2ccccn12,tensor([8.0500])
O=C1CCc2cc(OCCCCCCN3CCN(c4nsc5ccccc45)CC3)ccc2N1,tensor([7.4100])
O=C1c2ccccc2C(=O)N1CCCCCCN1CCN(c2nsc3ccccc23)CC1,tensor([8.])
COc1ccccc1N1CCN(CCCCCCN2C(=O)C3C4CCC(C4)C3C2=O)CC1,tensor([7.3900])
O=C1C2C3CCC(C3)C2C(=O)N1CCCCCCN1CCN(c2ccc(Cl)cc2)CC1,tensor([6.4300])
O=c1n(CCCCCCN2CCN(c3nsc4ccccc34)CC2)c2cccc3c2n1CCC3,tensor([9.])
O=C1C2C3CCC(C3)C2C(=O)N1CCCCCCN1CCN(c2nsc3ccccc23)CC1,tensor([9.])
O=S(=O)(NCCCCCCN1CCN(c2nsc3ccccc23)CC1)c1ccccc1,tensor([7.5100])
O=c1[nH]c2ccccc2n1CCCCCCN1CCN(c2nsc3ccccc23)CC1,tensor([7.8000])
O=C1c2cccc3cccc(c23)C(=O)N1CCCCCCN1CCN(c2nsc3ccccc23)CC1,tensor([7.2300])
O=C1C2C3CCC(C3)C2C(=O)N1CCCCCCN1CCN(c2ccccc2Cl)CC1,tensor([7.4600])
O=S(=O)(NCCCCCCN1CCN(c2nsc3ccccc23)CC1)c1ccc2ccccc2c1,tensor([7.5700])
Cc1ccc(S(=O)(=O)N(CCCCCCN2CCN(c3nsc4ccccc34)CC2)c2ccccc2)cc1,tensor([6.9700])
O=C1c2cccc3cccc(c23)N1CCCCCCN1CCN(c2nsc3ccccc23)CC1,tensor([7.2500])
O=C1C2C3CCC(C3)C2C(=O)N1CCCCCCN1CCN(c2cccc(Cl)c2Cl)CC1,tensor([7.2600])
O=S1(=O)c2cccc3cccc(c23)N1CCCCCCN1CCN(c2nsc3ccccc23)CC1,tensor([7.7500])
c1ccc2oc(SCCCCCCN3CCN(c4nsc5ccccc45)CC3)nc2c1,tensor([7.4800])
C#CCN(C)Cc1ccc(OCCCCCN2CCN(c3cccc4c3ccn4S(=O)(=O)c3ccccc3)CC2)cc1,tensor([6.0900])
CCCN1CCOC2c3cc(O)ccc3OCC21,tensor([7.5500])
O=C(NCCCCN1CCOC2c3cc(O)ccc3OCC21)c1cc2ccccc2[nH]1,tensor([5.2300])
CC1COC(c2ccc(N)nc2)CN1CC(O)CCNC(=O)c1cc2ccccc2[nH]1,tensor([6.])
CC1COC(c2ccc(N)nc2)CN1CCC1CCC(NC(=O)c2cc3ccccc3[nH]2)CC1,tensor([6.9800])
CCCC(Oc1cc(Cl)cc(Cl)c1)c1nc(N)nc(N2CCN(C)CC2)n1,tensor([6.4200])
CN1CCN(c2nc(N)nc(CCCOc3ccc(Cl)c(Cl)c3)n2)CC1,tensor([6.4500])
CC(Oc1cc(Cl)ccc1Cl)c1nc(N)nc(N2CCN(C)CC2)n1,tensor([6.4300])
CC(Oc1ccc(Cl)c(Cl)c1)c1nc(N)nc(N2CCN(C)CC2)n1,tensor([6.1200])
CCC(Oc1cc(Cl)ccc1Cl)c1nc(N)nc(N2CCN(C)CC2)n1,tensor([6.5000])
CCC(Oc1cc(Cl)cc(Cl)c1)c1nc(N)nc(N2CCN(C)CC2)n1,tensor([6.4300])
CCCCC(Oc1cc(Cl)cc(Cl)c1)c1nc(N)nc(N2CCN(C)CC2)n1,tensor([6.5700])
CN1CCN(c2nc(N)nc(CCCOc3cc(Cl)ccc3Cl)n2)CC1,tensor([6.3800])
CCCC(Oc1cc(Cl)ccc1Cl)c1nc(N)nc(N2CCN(C)CC2)n1,tensor([6.6400])
CN1CCN(c2nc(N)nc(CCCOc3cccc(Cl)c3Cl)n2)CC1,tensor([6.6900])
CCCCC(Oc1cccc(Cl)c1Cl)c1nc(N)nc(N2CCN(C)CC2)n1,tensor([6.3000])
CC(Oc1cc(Cl)cc(Cl)c1)c1nc(N)nc(N2CCN(C)CC2)n1,tensor([6.8000])
CCC(Oc1ccc(Cl)c(Cl)c1)c1nc(N)nc(N2CCN(C)CC2)n1,tensor([6.2400])
CC(Oc1cccc(Cl)c1Cl)c1nc(N)nc(N2CCN(C)CC2)n1,tensor([6.3700])
CCC(Oc1cccc(Cl)c1Cl)c1nc(N)nc(N2CCN(C)CC2)n1,tensor([6.3800])
CCC(Oc1ccccc1)c1nc(N)nc(N2CCN(C)CC2)n1,tensor([5.8200])
CCCC(Oc1cccc(Cl)c1Cl)c1nc(N)nc(N2CCN(C)CC2)n1,tensor([6.3000])
CCCCC(Oc1cc(Cl)ccc1Cl)c1nc(N)nc(N2CCN(C)CC2)n1,tensor([6.9900])
O=C1c2ccccc2S(=O)(=O)N1CCCCCN1CCN(c2cccc(Cl)c2Cl)CC1,tensor([7.7700])
O=C1c2ccccc2S(=O)(=O)N1CCCCCN1CCN(c2ncccn2)CC1,tensor([6.0200])
O=C1c2ccccc2S(=O)(=O)N1CCCCCN1CCN(c2ccccc2)CC1,tensor([6.7800])
COc1ccccc1N1CCN(Cc2ccc(CN3C(=O)c4ccccc4S3(=O)=O)cc2)CC1,tensor([8.7000])
O=C1c2ccccc2S(=O)(=O)N1CCCCCN1CCN(c2cccc(C(F)(F)F)c2)CC1,tensor([7.4700])
COc1ccccc1N1CCN(CCCCCN2C(=O)c3ccccc3S2(=O)=O)CC1,tensor([7.7000])
O=C1c2ccccc2S(=O)(=O)N1CCCCCN1CCN(c2ccc(Cl)cc2)CC1,tensor([6.5900])
O=C1c2ccccc2S(=O)(=O)N1CCCCN1CCN(c2cccc(Cl)c2Cl)CC1,tensor([7.5800])
O=C1c2ccccc2S(=O)(=O)N1CCCCCN1CCN(c2cccc3ccccc23)CC1,tensor([7.7000])
O=C1c2ccccc2S(=O)(=O)N1CCCCCN1CCN(c2ccccn2)CC1,tensor([7.0400])
Nc1nc(NCCc2c[nH]c3ccccc23)nc(N2CCN(c3cccc(Cl)c3Cl)CC2)n1,tensor([5.4900])
Nc1nc(N)nc(NCCCCCCN2CCN(c3cccc(Cl)c3Cl)CC2)n1,tensor([8.3000])
COc1ccccc1N1CCN(CCCCNc2nc(N)nc(NCCc3c[nH]c4ccccc34)n2)CC1,tensor([7.8900])
COc1ccccc1N1CCN(c2nc(N)nc(NCCc3c[nH]c4ccccc34)n2)CC1,tensor([4.8700])
COc1ccccc1NCCNc1nc(N)nc(NCCc2c[nH]c3ccccc23)n1,tensor([5.4100])
COc1ccccc1CCNc1nc(N)nc(NCCc2c[nH]c3ccccc23)n1,tensor([4.8800])
COc1ccccc1N1CCN(CCCCCCNc2nc(N)nc(N)n2)CC1,tensor([7.7000])
Nc1nc(NCCc2c[nH]c3ccccc23)nc(NCCN2CCN(c3ccccc3)CC2)n1,tensor([6.3800])
Nc1nc(N)nc(NCCCCCCN2CCN(c3ccccc3)CC2)n1,tensor([6.])
Nc1nc(N)nc(NCCCCCN2CCN(c3cccc(Cl)c3Cl)CC2)n1,tensor([8.1000])
Nc1nc(N)nc(NCCCCN2CCN(c3cccc(Cl)c3Cl)CC2)n1,tensor([8.1500])
COc1ccccc1N1CCN(CCCCNc2nc(N)nc(N)n2)CC1,tensor([7.3400])
COc1ccccc1OCCNc1nc(N)nc(NCCc2c[nH]c3ccccc23)n1,tensor([5.3600])
COc1ccccc1N1CCN(CCCCCNc2nc(N)nc(N)n2)CC1,tensor([7.4200])
Nc1nc(N)nc(NCCCCCN2CCN(c3ccccc3)CC2)n1,tensor([5.9800])
Nc1nc(NCCCCN2CCN(c3ccccc3)CC2)nc(NCCc2c[nH]c3ccccc23)n1,tensor([7.2800])
Nc1nc(NCCc2cccc(Cl)c2Cl)nc(NCCc2c[nH]c3ccccc23)n1,tensor([5.5100])
Nc1nc(NCCNc2cccc(Cl)c2Cl)nc(NCCc2c[nH]c3ccccc23)n1,tensor([5.3000])
Nc1nc(NCCNc2ccccc2)nc(NCCc2c[nH]c3ccccc23)n1,tensor([5.0600])
Nc1nc(NCCCCN2CCN(c3cccc(Cl)c3Cl)CC2)nc(NCCc2c[nH]c3ccccc23)n1,tensor([7.4100])
Nc1nc(NCCc2c[nH]c3ccccc23)nc(N2CCN(c3ccccc3)CC2)n1,tensor([5.0800])
COc1ccc(N2CCN(CCCN3CCN(C(=O)c4ccccc4)CC3)CC2)cc1,tensor([5.2600])
N#Cc1cccnc1N1CCN(CCCN2CCN(c3cccc(Cl)c3Cl)CC2)CC1,tensor([8.])
O=C(c1ccccn1)N1CCN(CCCN2CCN(c3cccc(Cl)c3Cl)CC2)CC1,tensor([7.0900])
N#Cc1cccnc1N1CCN(CCCOc2ccc3c(c2)NC(=O)CC3)CC1,tensor([7.0900])
COc1ccccc1N1CCN(CCCN2CCN(C(=O)c3ccccn3)CC2)CC1,tensor([6.2300])
N#Cc1cccnc1N1CCN(CCCN2CCN(c3ccccc3)CC2)CC1,tensor([6.1100])
N#Cc1cccnc1N1CCN(CCN2CCN(c3cccc(Cl)c3Cl)CC2)CC1,tensor([6.6800])
COc1ccccc1N1CCN(CCN2CCN(C(=O)c3nn(C)c4ccccc34)CC2)CC1,tensor([6.2000])
N#Cc1cccnc1N1CCN(CCCCOc2ccc3c(c2)NC(=O)CC3)CC1,tensor([5.6800])
COc1ccc(N2CCN(CCCN3CCN(c4ncccc4C#N)CC3)CC2)cc1,tensor([5.8200])
Cn1nc(C(=O)N2CCN(CCN3CCN(c4cccc(Cl)c4Cl)CC3)CC2)c2ccccc21,tensor([6.8900])
O=C1CCc2ccc(OCCCCN3CCN(C(=O)c4ccccn4)CC3)cc2N1,tensor([8.0500])
COc1ccccc1N1CCN(CCN2CCN(c3ncccc3C#N)CC2)CC1,tensor([6.8900])
O=C(c1ccccc1)N1CCN(CCCN2CCN(c3cccc(Cl)c3Cl)CC2)CC1,tensor([6.9200])
COc1ccccc1N1CCN(CCCNC(=O)c2cnccn2)CC1,tensor([6.0700])
COc1ccccc1N1CCN(CCCN2CCN(C(=O)c3ccccc3)CC2)CC1,tensor([6.5800])
O=C(c1ccccc1)N1CCN(CCCN2CCN(c3ccccc3)CC2)CC1,tensor([5.6800])
COc1ccccc1N1CCN(CCCN2CCN(c3ncccc3C#N)CC2)CC1,tensor([6.9600])
O=c1n(CCCCCCN2CCN(c3cccc4cccnc34)CC2)nc2ccccn12,tensor([6.8400])
O=c1n(CCCCCCN2CCN(c3cccc(C(F)(F)F)c3)CC2)nc2ccccn12,tensor([7.2100])
O=c1n(CCCCCCN2CCN(c3cccc(Cl)c3Cl)CC2)nc2ccccn12,tensor([8.0500])
NC(=O)NCCCCCCN1CCN(c2cccc(Cl)c2)CC1,tensor([6.6300])
O=c1n(CCCCCCN2CCN(c3cccc(Cl)c3)CC2)c2cccc3c2n1CCC3,tensor([7.7500])
O=S1(=O)N(CCCCCCN2CCN(c3cccc(Cl)c3)CC2)c2cccc3c2N1CCC3,tensor([6.6000])
NS(=O)(=O)NCCCCCCN1CCN(c2cccc(Cl)c2)CC1,tensor([6.6400])
O=c1n(Cc2ccc(CN3CCN(c4cccc(Cl)c4)CC3)cc2)nc2ccccn12,tensor([6.8300])
O=c1n(CCCCCCN2CCN(c3cccc4ccccc34)CC2)nc2ccccn12,tensor([7.5000])
O=c1n(CCCCCCN2CCN(c3cccc4c3OCCO4)CC2)nc2ccccn12,tensor([7.2200])
O=c1n(CC2CCC(CN3CCN(c4cccc(Cl)c4)CC3)CC2)nc2ccccn12,tensor([6.2500])
O=c1n(Cc2ccc(CN3CCN(c4ccc(Cl)cc4)CC3)cc2)nc2ccccn12,tensor([5.8600])
S=c1n(CCCCCCN2CCN(c3cccc(Cl)c3)CC2)c2cccc3c2n1CCC3,tensor([7.0700])
CN1CCN(c2nc(N)nc(C(C)(C)Sc3ccc4ccccc4c3)n2)CC1,tensor([6.5200])
CN1CCN(c2nc(N)nc(Cc3c[nH]c4ccccc34)n2)CC1,tensor([5.7100])
